--
-- PostgreSQL database dump
--

-- Dumped from database version 15.1
-- Dumped by pg_dump version 15.1

-- Started on 2023-01-26 19:29:39

SET statement_timeout = 0;
SET lock_timeout = 0;
SET idle_in_transaction_session_timeout = 0;
SET client_encoding = 'UTF8';
SET standard_conforming_strings = on;
SELECT pg_catalog.set_config('search_path', '', false);
SET check_function_bodies = false;
SET xmloption = content;
SET client_min_messages = warning;
SET row_security = off;

SET default_tablespace = '';

SET default_table_access_method = heap;

--
-- TOC entry 214 (class 1259 OID 42347)
-- Name: admin_permissions; Type: TABLE; Schema: public; Owner: postgres
--

CREATE TABLE public.admin_permissions (
    id integer NOT NULL,
    action character varying(255),
    subject character varying(255),
    properties jsonb,
    conditions jsonb,
    created_at timestamp(6) without time zone,
    updated_at timestamp(6) without time zone,
    created_by_id integer,
    updated_by_id integer
);


ALTER TABLE public.admin_permissions OWNER TO postgres;

--
-- TOC entry 215 (class 1259 OID 42352)
-- Name: admin_permissions_id_seq; Type: SEQUENCE; Schema: public; Owner: postgres
--

CREATE SEQUENCE public.admin_permissions_id_seq
    AS integer
    START WITH 1
    INCREMENT BY 1
    NO MINVALUE
    NO MAXVALUE
    CACHE 1;


ALTER TABLE public.admin_permissions_id_seq OWNER TO postgres;

--
-- TOC entry 3693 (class 0 OID 0)
-- Dependencies: 215
-- Name: admin_permissions_id_seq; Type: SEQUENCE OWNED BY; Schema: public; Owner: postgres
--

ALTER SEQUENCE public.admin_permissions_id_seq OWNED BY public.admin_permissions.id;


--
-- TOC entry 216 (class 1259 OID 42353)
-- Name: admin_permissions_role_links; Type: TABLE; Schema: public; Owner: postgres
--

CREATE TABLE public.admin_permissions_role_links (
    id integer NOT NULL,
    permission_id integer,
    role_id integer,
    permission_order integer
);


ALTER TABLE public.admin_permissions_role_links OWNER TO postgres;

--
-- TOC entry 217 (class 1259 OID 42356)
-- Name: admin_permissions_role_links_id_seq; Type: SEQUENCE; Schema: public; Owner: postgres
--

CREATE SEQUENCE public.admin_permissions_role_links_id_seq
    AS integer
    START WITH 1
    INCREMENT BY 1
    NO MINVALUE
    NO MAXVALUE
    CACHE 1;


ALTER TABLE public.admin_permissions_role_links_id_seq OWNER TO postgres;

--
-- TOC entry 3694 (class 0 OID 0)
-- Dependencies: 217
-- Name: admin_permissions_role_links_id_seq; Type: SEQUENCE OWNED BY; Schema: public; Owner: postgres
--

ALTER SEQUENCE public.admin_permissions_role_links_id_seq OWNED BY public.admin_permissions_role_links.id;


--
-- TOC entry 218 (class 1259 OID 42357)
-- Name: admin_roles; Type: TABLE; Schema: public; Owner: postgres
--

CREATE TABLE public.admin_roles (
    id integer NOT NULL,
    name character varying(255),
    code character varying(255),
    description character varying(255),
    created_at timestamp(6) without time zone,
    updated_at timestamp(6) without time zone,
    created_by_id integer,
    updated_by_id integer
);


ALTER TABLE public.admin_roles OWNER TO postgres;

--
-- TOC entry 219 (class 1259 OID 42362)
-- Name: admin_roles_id_seq; Type: SEQUENCE; Schema: public; Owner: postgres
--

CREATE SEQUENCE public.admin_roles_id_seq
    AS integer
    START WITH 1
    INCREMENT BY 1
    NO MINVALUE
    NO MAXVALUE
    CACHE 1;


ALTER TABLE public.admin_roles_id_seq OWNER TO postgres;

--
-- TOC entry 3695 (class 0 OID 0)
-- Dependencies: 219
-- Name: admin_roles_id_seq; Type: SEQUENCE OWNED BY; Schema: public; Owner: postgres
--

ALTER SEQUENCE public.admin_roles_id_seq OWNED BY public.admin_roles.id;


--
-- TOC entry 220 (class 1259 OID 42363)
-- Name: admin_users; Type: TABLE; Schema: public; Owner: postgres
--

CREATE TABLE public.admin_users (
    id integer NOT NULL,
    firstname character varying(255),
    lastname character varying(255),
    username character varying(255),
    email character varying(255),
    password character varying(255),
    reset_password_token character varying(255),
    registration_token character varying(255),
    is_active boolean,
    blocked boolean,
    prefered_language character varying(255),
    created_at timestamp(6) without time zone,
    updated_at timestamp(6) without time zone,
    created_by_id integer,
    updated_by_id integer
);


ALTER TABLE public.admin_users OWNER TO postgres;

--
-- TOC entry 221 (class 1259 OID 42368)
-- Name: admin_users_id_seq; Type: SEQUENCE; Schema: public; Owner: postgres
--

CREATE SEQUENCE public.admin_users_id_seq
    AS integer
    START WITH 1
    INCREMENT BY 1
    NO MINVALUE
    NO MAXVALUE
    CACHE 1;


ALTER TABLE public.admin_users_id_seq OWNER TO postgres;

--
-- TOC entry 3696 (class 0 OID 0)
-- Dependencies: 221
-- Name: admin_users_id_seq; Type: SEQUENCE OWNED BY; Schema: public; Owner: postgres
--

ALTER SEQUENCE public.admin_users_id_seq OWNED BY public.admin_users.id;


--
-- TOC entry 222 (class 1259 OID 42369)
-- Name: admin_users_roles_links; Type: TABLE; Schema: public; Owner: postgres
--

CREATE TABLE public.admin_users_roles_links (
    id integer NOT NULL,
    user_id integer,
    role_id integer,
    role_order integer,
    user_order integer
);


ALTER TABLE public.admin_users_roles_links OWNER TO postgres;

--
-- TOC entry 223 (class 1259 OID 42372)
-- Name: admin_users_roles_links_id_seq; Type: SEQUENCE; Schema: public; Owner: postgres
--

CREATE SEQUENCE public.admin_users_roles_links_id_seq
    AS integer
    START WITH 1
    INCREMENT BY 1
    NO MINVALUE
    NO MAXVALUE
    CACHE 1;


ALTER TABLE public.admin_users_roles_links_id_seq OWNER TO postgres;

--
-- TOC entry 3697 (class 0 OID 0)
-- Dependencies: 223
-- Name: admin_users_roles_links_id_seq; Type: SEQUENCE OWNED BY; Schema: public; Owner: postgres
--

ALTER SEQUENCE public.admin_users_roles_links_id_seq OWNED BY public.admin_users_roles_links.id;


--
-- TOC entry 224 (class 1259 OID 42373)
-- Name: files; Type: TABLE; Schema: public; Owner: postgres
--

CREATE TABLE public.files (
    id integer NOT NULL,
    name character varying(255),
    alternative_text character varying(255),
    caption character varying(255),
    width integer,
    height integer,
    formats jsonb,
    hash character varying(255),
    ext character varying(255),
    mime character varying(255),
    size numeric(10,2),
    url character varying(255),
    preview_url character varying(255),
    provider character varying(255),
    provider_metadata jsonb,
    folder_path character varying(255),
    created_at timestamp(6) without time zone,
    updated_at timestamp(6) without time zone,
    created_by_id integer,
    updated_by_id integer
);


ALTER TABLE public.files OWNER TO postgres;

--
-- TOC entry 225 (class 1259 OID 42378)
-- Name: files_folder_links; Type: TABLE; Schema: public; Owner: postgres
--

CREATE TABLE public.files_folder_links (
    id integer NOT NULL,
    file_id integer,
    folder_id integer,
    file_order integer
);


ALTER TABLE public.files_folder_links OWNER TO postgres;

--
-- TOC entry 226 (class 1259 OID 42381)
-- Name: files_folder_links_id_seq; Type: SEQUENCE; Schema: public; Owner: postgres
--

CREATE SEQUENCE public.files_folder_links_id_seq
    AS integer
    START WITH 1
    INCREMENT BY 1
    NO MINVALUE
    NO MAXVALUE
    CACHE 1;


ALTER TABLE public.files_folder_links_id_seq OWNER TO postgres;

--
-- TOC entry 3698 (class 0 OID 0)
-- Dependencies: 226
-- Name: files_folder_links_id_seq; Type: SEQUENCE OWNED BY; Schema: public; Owner: postgres
--

ALTER SEQUENCE public.files_folder_links_id_seq OWNED BY public.files_folder_links.id;


--
-- TOC entry 227 (class 1259 OID 42382)
-- Name: files_id_seq; Type: SEQUENCE; Schema: public; Owner: postgres
--

CREATE SEQUENCE public.files_id_seq
    AS integer
    START WITH 1
    INCREMENT BY 1
    NO MINVALUE
    NO MAXVALUE
    CACHE 1;


ALTER TABLE public.files_id_seq OWNER TO postgres;

--
-- TOC entry 3699 (class 0 OID 0)
-- Dependencies: 227
-- Name: files_id_seq; Type: SEQUENCE OWNED BY; Schema: public; Owner: postgres
--

ALTER SEQUENCE public.files_id_seq OWNED BY public.files.id;


--
-- TOC entry 228 (class 1259 OID 42383)
-- Name: files_related_morphs; Type: TABLE; Schema: public; Owner: postgres
--

CREATE TABLE public.files_related_morphs (
    id integer NOT NULL,
    file_id integer,
    related_id integer,
    related_type character varying(255),
    field character varying(255),
    "order" integer
);


ALTER TABLE public.files_related_morphs OWNER TO postgres;

--
-- TOC entry 229 (class 1259 OID 42388)
-- Name: files_related_morphs_id_seq; Type: SEQUENCE; Schema: public; Owner: postgres
--

CREATE SEQUENCE public.files_related_morphs_id_seq
    AS integer
    START WITH 1
    INCREMENT BY 1
    NO MINVALUE
    NO MAXVALUE
    CACHE 1;


ALTER TABLE public.files_related_morphs_id_seq OWNER TO postgres;

--
-- TOC entry 3700 (class 0 OID 0)
-- Dependencies: 229
-- Name: files_related_morphs_id_seq; Type: SEQUENCE OWNED BY; Schema: public; Owner: postgres
--

ALTER SEQUENCE public.files_related_morphs_id_seq OWNED BY public.files_related_morphs.id;


--
-- TOC entry 265 (class 1259 OID 43064)
-- Name: g_accounts; Type: TABLE; Schema: public; Owner: postgres
--

CREATE TABLE public.g_accounts (
    id integer NOT NULL,
    user_name character varying(255),
    pass character varying(255),
    is_member boolean,
    created_at timestamp(6) without time zone,
    updated_at timestamp(6) without time zone,
    created_by_id integer,
    updated_by_id integer
);


ALTER TABLE public.g_accounts OWNER TO postgres;

--
-- TOC entry 264 (class 1259 OID 43063)
-- Name: g_accounts_id_seq; Type: SEQUENCE; Schema: public; Owner: postgres
--

CREATE SEQUENCE public.g_accounts_id_seq
    AS integer
    START WITH 1
    INCREMENT BY 1
    NO MINVALUE
    NO MAXVALUE
    CACHE 1;


ALTER TABLE public.g_accounts_id_seq OWNER TO postgres;

--
-- TOC entry 3701 (class 0 OID 0)
-- Dependencies: 264
-- Name: g_accounts_id_seq; Type: SEQUENCE OWNED BY; Schema: public; Owner: postgres
--

ALTER SEQUENCE public.g_accounts_id_seq OWNED BY public.g_accounts.id;


--
-- TOC entry 263 (class 1259 OID 43035)
-- Name: g_characters; Type: TABLE; Schema: public; Owner: postgres
--

CREATE TABLE public.g_characters (
    id integer NOT NULL,
    deleting boolean,
    name character varying(255),
    created_at timestamp(6) without time zone,
    updated_at timestamp(6) without time zone,
    created_by_id integer,
    updated_by_id integer,
    acc_id integer,
    localtion integer,
    hp integer,
    currentexp bigint,
    gold bigint,
    lvl integer,
    point integer,
    max_hp integer,
    current_exp bigint,
    current_hp integer,
    current_atk integer,
    current_def integer,
    current_dex integer
);


ALTER TABLE public.g_characters OWNER TO postgres;

--
-- TOC entry 262 (class 1259 OID 43034)
-- Name: g_characters_id_seq; Type: SEQUENCE; Schema: public; Owner: postgres
--

CREATE SEQUENCE public.g_characters_id_seq
    AS integer
    START WITH 1
    INCREMENT BY 1
    NO MINVALUE
    NO MAXVALUE
    CACHE 1;


ALTER TABLE public.g_characters_id_seq OWNER TO postgres;

--
-- TOC entry 3702 (class 0 OID 0)
-- Dependencies: 262
-- Name: g_characters_id_seq; Type: SEQUENCE OWNED BY; Schema: public; Owner: postgres
--

ALTER SEQUENCE public.g_characters_id_seq OWNED BY public.g_characters.id;


--
-- TOC entry 261 (class 1259 OID 43012)
-- Name: g_travels; Type: TABLE; Schema: public; Owner: postgres
--

CREATE TABLE public.g_travels (
    id integer NOT NULL,
    text text,
    created_at timestamp(6) without time zone,
    updated_at timestamp(6) without time zone,
    created_by_id integer,
    updated_by_id integer
);


ALTER TABLE public.g_travels OWNER TO postgres;

--
-- TOC entry 260 (class 1259 OID 43011)
-- Name: g_travels_id_seq; Type: SEQUENCE; Schema: public; Owner: postgres
--

CREATE SEQUENCE public.g_travels_id_seq
    AS integer
    START WITH 1
    INCREMENT BY 1
    NO MINVALUE
    NO MAXVALUE
    CACHE 1;


ALTER TABLE public.g_travels_id_seq OWNER TO postgres;

--
-- TOC entry 3703 (class 0 OID 0)
-- Dependencies: 260
-- Name: g_travels_id_seq; Type: SEQUENCE OWNED BY; Schema: public; Owner: postgres
--

ALTER SEQUENCE public.g_travels_id_seq OWNED BY public.g_travels.id;


--
-- TOC entry 230 (class 1259 OID 42389)
-- Name: i18n_locale; Type: TABLE; Schema: public; Owner: postgres
--

CREATE TABLE public.i18n_locale (
    id integer NOT NULL,
    name character varying(255),
    code character varying(255),
    created_at timestamp(6) without time zone,
    updated_at timestamp(6) without time zone,
    created_by_id integer,
    updated_by_id integer
);


ALTER TABLE public.i18n_locale OWNER TO postgres;

--
-- TOC entry 231 (class 1259 OID 42394)
-- Name: i18n_locale_id_seq; Type: SEQUENCE; Schema: public; Owner: postgres
--

CREATE SEQUENCE public.i18n_locale_id_seq
    AS integer
    START WITH 1
    INCREMENT BY 1
    NO MINVALUE
    NO MAXVALUE
    CACHE 1;


ALTER TABLE public.i18n_locale_id_seq OWNER TO postgres;

--
-- TOC entry 3704 (class 0 OID 0)
-- Dependencies: 231
-- Name: i18n_locale_id_seq; Type: SEQUENCE OWNED BY; Schema: public; Owner: postgres
--

ALTER SEQUENCE public.i18n_locale_id_seq OWNED BY public.i18n_locale.id;


--
-- TOC entry 232 (class 1259 OID 42395)
-- Name: strapi_api_token_permissions; Type: TABLE; Schema: public; Owner: postgres
--

CREATE TABLE public.strapi_api_token_permissions (
    id integer NOT NULL,
    action character varying(255),
    created_at timestamp(6) without time zone,
    updated_at timestamp(6) without time zone,
    created_by_id integer,
    updated_by_id integer
);


ALTER TABLE public.strapi_api_token_permissions OWNER TO postgres;

--
-- TOC entry 233 (class 1259 OID 42398)
-- Name: strapi_api_token_permissions_id_seq; Type: SEQUENCE; Schema: public; Owner: postgres
--

CREATE SEQUENCE public.strapi_api_token_permissions_id_seq
    AS integer
    START WITH 1
    INCREMENT BY 1
    NO MINVALUE
    NO MAXVALUE
    CACHE 1;


ALTER TABLE public.strapi_api_token_permissions_id_seq OWNER TO postgres;

--
-- TOC entry 3705 (class 0 OID 0)
-- Dependencies: 233
-- Name: strapi_api_token_permissions_id_seq; Type: SEQUENCE OWNED BY; Schema: public; Owner: postgres
--

ALTER SEQUENCE public.strapi_api_token_permissions_id_seq OWNED BY public.strapi_api_token_permissions.id;


--
-- TOC entry 234 (class 1259 OID 42399)
-- Name: strapi_api_token_permissions_token_links; Type: TABLE; Schema: public; Owner: postgres
--

CREATE TABLE public.strapi_api_token_permissions_token_links (
    id integer NOT NULL,
    api_token_permission_id integer,
    api_token_id integer,
    api_token_permission_order integer
);


ALTER TABLE public.strapi_api_token_permissions_token_links OWNER TO postgres;

--
-- TOC entry 235 (class 1259 OID 42402)
-- Name: strapi_api_token_permissions_token_links_id_seq; Type: SEQUENCE; Schema: public; Owner: postgres
--

CREATE SEQUENCE public.strapi_api_token_permissions_token_links_id_seq
    AS integer
    START WITH 1
    INCREMENT BY 1
    NO MINVALUE
    NO MAXVALUE
    CACHE 1;


ALTER TABLE public.strapi_api_token_permissions_token_links_id_seq OWNER TO postgres;

--
-- TOC entry 3706 (class 0 OID 0)
-- Dependencies: 235
-- Name: strapi_api_token_permissions_token_links_id_seq; Type: SEQUENCE OWNED BY; Schema: public; Owner: postgres
--

ALTER SEQUENCE public.strapi_api_token_permissions_token_links_id_seq OWNED BY public.strapi_api_token_permissions_token_links.id;


--
-- TOC entry 236 (class 1259 OID 42403)
-- Name: strapi_api_tokens; Type: TABLE; Schema: public; Owner: postgres
--

CREATE TABLE public.strapi_api_tokens (
    id integer NOT NULL,
    name character varying(255),
    description character varying(255),
    type character varying(255),
    access_key character varying(255),
    last_used_at timestamp(6) without time zone,
    expires_at timestamp(6) without time zone,
    lifespan bigint,
    created_at timestamp(6) without time zone,
    updated_at timestamp(6) without time zone,
    created_by_id integer,
    updated_by_id integer
);


ALTER TABLE public.strapi_api_tokens OWNER TO postgres;

--
-- TOC entry 237 (class 1259 OID 42408)
-- Name: strapi_api_tokens_id_seq; Type: SEQUENCE; Schema: public; Owner: postgres
--

CREATE SEQUENCE public.strapi_api_tokens_id_seq
    AS integer
    START WITH 1
    INCREMENT BY 1
    NO MINVALUE
    NO MAXVALUE
    CACHE 1;


ALTER TABLE public.strapi_api_tokens_id_seq OWNER TO postgres;

--
-- TOC entry 3707 (class 0 OID 0)
-- Dependencies: 237
-- Name: strapi_api_tokens_id_seq; Type: SEQUENCE OWNED BY; Schema: public; Owner: postgres
--

ALTER SEQUENCE public.strapi_api_tokens_id_seq OWNED BY public.strapi_api_tokens.id;


--
-- TOC entry 238 (class 1259 OID 42409)
-- Name: strapi_core_store_settings; Type: TABLE; Schema: public; Owner: postgres
--

CREATE TABLE public.strapi_core_store_settings (
    id integer NOT NULL,
    key character varying(255),
    value text,
    type character varying(255),
    environment character varying(255),
    tag character varying(255)
);


ALTER TABLE public.strapi_core_store_settings OWNER TO postgres;

--
-- TOC entry 239 (class 1259 OID 42414)
-- Name: strapi_core_store_settings_id_seq; Type: SEQUENCE; Schema: public; Owner: postgres
--

CREATE SEQUENCE public.strapi_core_store_settings_id_seq
    AS integer
    START WITH 1
    INCREMENT BY 1
    NO MINVALUE
    NO MAXVALUE
    CACHE 1;


ALTER TABLE public.strapi_core_store_settings_id_seq OWNER TO postgres;

--
-- TOC entry 3708 (class 0 OID 0)
-- Dependencies: 239
-- Name: strapi_core_store_settings_id_seq; Type: SEQUENCE OWNED BY; Schema: public; Owner: postgres
--

ALTER SEQUENCE public.strapi_core_store_settings_id_seq OWNED BY public.strapi_core_store_settings.id;


--
-- TOC entry 240 (class 1259 OID 42415)
-- Name: strapi_database_schema; Type: TABLE; Schema: public; Owner: postgres
--

CREATE TABLE public.strapi_database_schema (
    id integer NOT NULL,
    schema json,
    "time" timestamp without time zone,
    hash character varying(255)
);


ALTER TABLE public.strapi_database_schema OWNER TO postgres;

--
-- TOC entry 241 (class 1259 OID 42420)
-- Name: strapi_database_schema_id_seq; Type: SEQUENCE; Schema: public; Owner: postgres
--

CREATE SEQUENCE public.strapi_database_schema_id_seq
    AS integer
    START WITH 1
    INCREMENT BY 1
    NO MINVALUE
    NO MAXVALUE
    CACHE 1;


ALTER TABLE public.strapi_database_schema_id_seq OWNER TO postgres;

--
-- TOC entry 3709 (class 0 OID 0)
-- Dependencies: 241
-- Name: strapi_database_schema_id_seq; Type: SEQUENCE OWNED BY; Schema: public; Owner: postgres
--

ALTER SEQUENCE public.strapi_database_schema_id_seq OWNED BY public.strapi_database_schema.id;


--
-- TOC entry 242 (class 1259 OID 42421)
-- Name: strapi_migrations; Type: TABLE; Schema: public; Owner: postgres
--

CREATE TABLE public.strapi_migrations (
    id integer NOT NULL,
    name character varying(255),
    "time" timestamp without time zone
);


ALTER TABLE public.strapi_migrations OWNER TO postgres;

--
-- TOC entry 243 (class 1259 OID 42424)
-- Name: strapi_migrations_id_seq; Type: SEQUENCE; Schema: public; Owner: postgres
--

CREATE SEQUENCE public.strapi_migrations_id_seq
    AS integer
    START WITH 1
    INCREMENT BY 1
    NO MINVALUE
    NO MAXVALUE
    CACHE 1;


ALTER TABLE public.strapi_migrations_id_seq OWNER TO postgres;

--
-- TOC entry 3710 (class 0 OID 0)
-- Dependencies: 243
-- Name: strapi_migrations_id_seq; Type: SEQUENCE OWNED BY; Schema: public; Owner: postgres
--

ALTER SEQUENCE public.strapi_migrations_id_seq OWNED BY public.strapi_migrations.id;


--
-- TOC entry 244 (class 1259 OID 42425)
-- Name: strapi_webhooks; Type: TABLE; Schema: public; Owner: postgres
--

CREATE TABLE public.strapi_webhooks (
    id integer NOT NULL,
    name character varying(255),
    url text,
    headers jsonb,
    events jsonb,
    enabled boolean
);


ALTER TABLE public.strapi_webhooks OWNER TO postgres;

--
-- TOC entry 245 (class 1259 OID 42430)
-- Name: strapi_webhooks_id_seq; Type: SEQUENCE; Schema: public; Owner: postgres
--

CREATE SEQUENCE public.strapi_webhooks_id_seq
    AS integer
    START WITH 1
    INCREMENT BY 1
    NO MINVALUE
    NO MAXVALUE
    CACHE 1;


ALTER TABLE public.strapi_webhooks_id_seq OWNER TO postgres;

--
-- TOC entry 3711 (class 0 OID 0)
-- Dependencies: 245
-- Name: strapi_webhooks_id_seq; Type: SEQUENCE OWNED BY; Schema: public; Owner: postgres
--

ALTER SEQUENCE public.strapi_webhooks_id_seq OWNED BY public.strapi_webhooks.id;


--
-- TOC entry 246 (class 1259 OID 42431)
-- Name: up_permissions; Type: TABLE; Schema: public; Owner: postgres
--

CREATE TABLE public.up_permissions (
    id integer NOT NULL,
    action character varying(255),
    created_at timestamp(6) without time zone,
    updated_at timestamp(6) without time zone,
    created_by_id integer,
    updated_by_id integer
);


ALTER TABLE public.up_permissions OWNER TO postgres;

--
-- TOC entry 247 (class 1259 OID 42434)
-- Name: up_permissions_id_seq; Type: SEQUENCE; Schema: public; Owner: postgres
--

CREATE SEQUENCE public.up_permissions_id_seq
    AS integer
    START WITH 1
    INCREMENT BY 1
    NO MINVALUE
    NO MAXVALUE
    CACHE 1;


ALTER TABLE public.up_permissions_id_seq OWNER TO postgres;

--
-- TOC entry 3712 (class 0 OID 0)
-- Dependencies: 247
-- Name: up_permissions_id_seq; Type: SEQUENCE OWNED BY; Schema: public; Owner: postgres
--

ALTER SEQUENCE public.up_permissions_id_seq OWNED BY public.up_permissions.id;


--
-- TOC entry 248 (class 1259 OID 42435)
-- Name: up_permissions_role_links; Type: TABLE; Schema: public; Owner: postgres
--

CREATE TABLE public.up_permissions_role_links (
    id integer NOT NULL,
    permission_id integer,
    role_id integer,
    permission_order integer
);


ALTER TABLE public.up_permissions_role_links OWNER TO postgres;

--
-- TOC entry 249 (class 1259 OID 42438)
-- Name: up_permissions_role_links_id_seq; Type: SEQUENCE; Schema: public; Owner: postgres
--

CREATE SEQUENCE public.up_permissions_role_links_id_seq
    AS integer
    START WITH 1
    INCREMENT BY 1
    NO MINVALUE
    NO MAXVALUE
    CACHE 1;


ALTER TABLE public.up_permissions_role_links_id_seq OWNER TO postgres;

--
-- TOC entry 3713 (class 0 OID 0)
-- Dependencies: 249
-- Name: up_permissions_role_links_id_seq; Type: SEQUENCE OWNED BY; Schema: public; Owner: postgres
--

ALTER SEQUENCE public.up_permissions_role_links_id_seq OWNED BY public.up_permissions_role_links.id;


--
-- TOC entry 250 (class 1259 OID 42439)
-- Name: up_roles; Type: TABLE; Schema: public; Owner: postgres
--

CREATE TABLE public.up_roles (
    id integer NOT NULL,
    name character varying(255),
    description character varying(255),
    type character varying(255),
    created_at timestamp(6) without time zone,
    updated_at timestamp(6) without time zone,
    created_by_id integer,
    updated_by_id integer
);


ALTER TABLE public.up_roles OWNER TO postgres;

--
-- TOC entry 251 (class 1259 OID 42444)
-- Name: up_roles_id_seq; Type: SEQUENCE; Schema: public; Owner: postgres
--

CREATE SEQUENCE public.up_roles_id_seq
    AS integer
    START WITH 1
    INCREMENT BY 1
    NO MINVALUE
    NO MAXVALUE
    CACHE 1;


ALTER TABLE public.up_roles_id_seq OWNER TO postgres;

--
-- TOC entry 3714 (class 0 OID 0)
-- Dependencies: 251
-- Name: up_roles_id_seq; Type: SEQUENCE OWNED BY; Schema: public; Owner: postgres
--

ALTER SEQUENCE public.up_roles_id_seq OWNED BY public.up_roles.id;


--
-- TOC entry 252 (class 1259 OID 42445)
-- Name: up_users; Type: TABLE; Schema: public; Owner: postgres
--

CREATE TABLE public.up_users (
    id integer NOT NULL,
    username character varying(255),
    email character varying(255),
    provider character varying(255),
    password character varying(255),
    reset_password_token character varying(255),
    confirmation_token character varying(255),
    confirmed boolean,
    blocked boolean,
    created_at timestamp(6) without time zone,
    updated_at timestamp(6) without time zone,
    created_by_id integer,
    updated_by_id integer
);


ALTER TABLE public.up_users OWNER TO postgres;

--
-- TOC entry 253 (class 1259 OID 42450)
-- Name: up_users_id_seq; Type: SEQUENCE; Schema: public; Owner: postgres
--

CREATE SEQUENCE public.up_users_id_seq
    AS integer
    START WITH 1
    INCREMENT BY 1
    NO MINVALUE
    NO MAXVALUE
    CACHE 1;


ALTER TABLE public.up_users_id_seq OWNER TO postgres;

--
-- TOC entry 3715 (class 0 OID 0)
-- Dependencies: 253
-- Name: up_users_id_seq; Type: SEQUENCE OWNED BY; Schema: public; Owner: postgres
--

ALTER SEQUENCE public.up_users_id_seq OWNED BY public.up_users.id;


--
-- TOC entry 254 (class 1259 OID 42451)
-- Name: up_users_role_links; Type: TABLE; Schema: public; Owner: postgres
--

CREATE TABLE public.up_users_role_links (
    id integer NOT NULL,
    user_id integer,
    role_id integer,
    user_order integer
);


ALTER TABLE public.up_users_role_links OWNER TO postgres;

--
-- TOC entry 255 (class 1259 OID 42454)
-- Name: up_users_role_links_id_seq; Type: SEQUENCE; Schema: public; Owner: postgres
--

CREATE SEQUENCE public.up_users_role_links_id_seq
    AS integer
    START WITH 1
    INCREMENT BY 1
    NO MINVALUE
    NO MAXVALUE
    CACHE 1;


ALTER TABLE public.up_users_role_links_id_seq OWNER TO postgres;

--
-- TOC entry 3716 (class 0 OID 0)
-- Dependencies: 255
-- Name: up_users_role_links_id_seq; Type: SEQUENCE OWNED BY; Schema: public; Owner: postgres
--

ALTER SEQUENCE public.up_users_role_links_id_seq OWNED BY public.up_users_role_links.id;


--
-- TOC entry 256 (class 1259 OID 42455)
-- Name: upload_folders; Type: TABLE; Schema: public; Owner: postgres
--

CREATE TABLE public.upload_folders (
    id integer NOT NULL,
    name character varying(255),
    path_id integer,
    path character varying(255),
    created_at timestamp(6) without time zone,
    updated_at timestamp(6) without time zone,
    created_by_id integer,
    updated_by_id integer
);


ALTER TABLE public.upload_folders OWNER TO postgres;

--
-- TOC entry 257 (class 1259 OID 42460)
-- Name: upload_folders_id_seq; Type: SEQUENCE; Schema: public; Owner: postgres
--

CREATE SEQUENCE public.upload_folders_id_seq
    AS integer
    START WITH 1
    INCREMENT BY 1
    NO MINVALUE
    NO MAXVALUE
    CACHE 1;


ALTER TABLE public.upload_folders_id_seq OWNER TO postgres;

--
-- TOC entry 3717 (class 0 OID 0)
-- Dependencies: 257
-- Name: upload_folders_id_seq; Type: SEQUENCE OWNED BY; Schema: public; Owner: postgres
--

ALTER SEQUENCE public.upload_folders_id_seq OWNED BY public.upload_folders.id;


--
-- TOC entry 258 (class 1259 OID 42461)
-- Name: upload_folders_parent_links; Type: TABLE; Schema: public; Owner: postgres
--

CREATE TABLE public.upload_folders_parent_links (
    id integer NOT NULL,
    folder_id integer,
    inv_folder_id integer,
    folder_order integer
);


ALTER TABLE public.upload_folders_parent_links OWNER TO postgres;

--
-- TOC entry 259 (class 1259 OID 42464)
-- Name: upload_folders_parent_links_id_seq; Type: SEQUENCE; Schema: public; Owner: postgres
--

CREATE SEQUENCE public.upload_folders_parent_links_id_seq
    AS integer
    START WITH 1
    INCREMENT BY 1
    NO MINVALUE
    NO MAXVALUE
    CACHE 1;


ALTER TABLE public.upload_folders_parent_links_id_seq OWNER TO postgres;

--
-- TOC entry 3718 (class 0 OID 0)
-- Dependencies: 259
-- Name: upload_folders_parent_links_id_seq; Type: SEQUENCE OWNED BY; Schema: public; Owner: postgres
--

ALTER SEQUENCE public.upload_folders_parent_links_id_seq OWNED BY public.upload_folders_parent_links.id;


--
-- TOC entry 3298 (class 2604 OID 42465)
-- Name: admin_permissions id; Type: DEFAULT; Schema: public; Owner: postgres
--

ALTER TABLE ONLY public.admin_permissions ALTER COLUMN id SET DEFAULT nextval('public.admin_permissions_id_seq'::regclass);


--
-- TOC entry 3299 (class 2604 OID 42466)
-- Name: admin_permissions_role_links id; Type: DEFAULT; Schema: public; Owner: postgres
--

ALTER TABLE ONLY public.admin_permissions_role_links ALTER COLUMN id SET DEFAULT nextval('public.admin_permissions_role_links_id_seq'::regclass);


--
-- TOC entry 3300 (class 2604 OID 42467)
-- Name: admin_roles id; Type: DEFAULT; Schema: public; Owner: postgres
--

ALTER TABLE ONLY public.admin_roles ALTER COLUMN id SET DEFAULT nextval('public.admin_roles_id_seq'::regclass);


--
-- TOC entry 3301 (class 2604 OID 42468)
-- Name: admin_users id; Type: DEFAULT; Schema: public; Owner: postgres
--

ALTER TABLE ONLY public.admin_users ALTER COLUMN id SET DEFAULT nextval('public.admin_users_id_seq'::regclass);


--
-- TOC entry 3302 (class 2604 OID 42469)
-- Name: admin_users_roles_links id; Type: DEFAULT; Schema: public; Owner: postgres
--

ALTER TABLE ONLY public.admin_users_roles_links ALTER COLUMN id SET DEFAULT nextval('public.admin_users_roles_links_id_seq'::regclass);


--
-- TOC entry 3303 (class 2604 OID 42470)
-- Name: files id; Type: DEFAULT; Schema: public; Owner: postgres
--

ALTER TABLE ONLY public.files ALTER COLUMN id SET DEFAULT nextval('public.files_id_seq'::regclass);


--
-- TOC entry 3304 (class 2604 OID 42471)
-- Name: files_folder_links id; Type: DEFAULT; Schema: public; Owner: postgres
--

ALTER TABLE ONLY public.files_folder_links ALTER COLUMN id SET DEFAULT nextval('public.files_folder_links_id_seq'::regclass);


--
-- TOC entry 3305 (class 2604 OID 42472)
-- Name: files_related_morphs id; Type: DEFAULT; Schema: public; Owner: postgres
--

ALTER TABLE ONLY public.files_related_morphs ALTER COLUMN id SET DEFAULT nextval('public.files_related_morphs_id_seq'::regclass);


--
-- TOC entry 3323 (class 2604 OID 43067)
-- Name: g_accounts id; Type: DEFAULT; Schema: public; Owner: postgres
--

ALTER TABLE ONLY public.g_accounts ALTER COLUMN id SET DEFAULT nextval('public.g_accounts_id_seq'::regclass);


--
-- TOC entry 3322 (class 2604 OID 43038)
-- Name: g_characters id; Type: DEFAULT; Schema: public; Owner: postgres
--

ALTER TABLE ONLY public.g_characters ALTER COLUMN id SET DEFAULT nextval('public.g_characters_id_seq'::regclass);


--
-- TOC entry 3321 (class 2604 OID 43015)
-- Name: g_travels id; Type: DEFAULT; Schema: public; Owner: postgres
--

ALTER TABLE ONLY public.g_travels ALTER COLUMN id SET DEFAULT nextval('public.g_travels_id_seq'::regclass);


--
-- TOC entry 3306 (class 2604 OID 42473)
-- Name: i18n_locale id; Type: DEFAULT; Schema: public; Owner: postgres
--

ALTER TABLE ONLY public.i18n_locale ALTER COLUMN id SET DEFAULT nextval('public.i18n_locale_id_seq'::regclass);


--
-- TOC entry 3307 (class 2604 OID 42474)
-- Name: strapi_api_token_permissions id; Type: DEFAULT; Schema: public; Owner: postgres
--

ALTER TABLE ONLY public.strapi_api_token_permissions ALTER COLUMN id SET DEFAULT nextval('public.strapi_api_token_permissions_id_seq'::regclass);


--
-- TOC entry 3308 (class 2604 OID 42475)
-- Name: strapi_api_token_permissions_token_links id; Type: DEFAULT; Schema: public; Owner: postgres
--

ALTER TABLE ONLY public.strapi_api_token_permissions_token_links ALTER COLUMN id SET DEFAULT nextval('public.strapi_api_token_permissions_token_links_id_seq'::regclass);


--
-- TOC entry 3309 (class 2604 OID 42476)
-- Name: strapi_api_tokens id; Type: DEFAULT; Schema: public; Owner: postgres
--

ALTER TABLE ONLY public.strapi_api_tokens ALTER COLUMN id SET DEFAULT nextval('public.strapi_api_tokens_id_seq'::regclass);


--
-- TOC entry 3310 (class 2604 OID 42477)
-- Name: strapi_core_store_settings id; Type: DEFAULT; Schema: public; Owner: postgres
--

ALTER TABLE ONLY public.strapi_core_store_settings ALTER COLUMN id SET DEFAULT nextval('public.strapi_core_store_settings_id_seq'::regclass);


--
-- TOC entry 3311 (class 2604 OID 42478)
-- Name: strapi_database_schema id; Type: DEFAULT; Schema: public; Owner: postgres
--

ALTER TABLE ONLY public.strapi_database_schema ALTER COLUMN id SET DEFAULT nextval('public.strapi_database_schema_id_seq'::regclass);


--
-- TOC entry 3312 (class 2604 OID 42479)
-- Name: strapi_migrations id; Type: DEFAULT; Schema: public; Owner: postgres
--

ALTER TABLE ONLY public.strapi_migrations ALTER COLUMN id SET DEFAULT nextval('public.strapi_migrations_id_seq'::regclass);


--
-- TOC entry 3313 (class 2604 OID 42480)
-- Name: strapi_webhooks id; Type: DEFAULT; Schema: public; Owner: postgres
--

ALTER TABLE ONLY public.strapi_webhooks ALTER COLUMN id SET DEFAULT nextval('public.strapi_webhooks_id_seq'::regclass);


--
-- TOC entry 3314 (class 2604 OID 42481)
-- Name: up_permissions id; Type: DEFAULT; Schema: public; Owner: postgres
--

ALTER TABLE ONLY public.up_permissions ALTER COLUMN id SET DEFAULT nextval('public.up_permissions_id_seq'::regclass);


--
-- TOC entry 3315 (class 2604 OID 42482)
-- Name: up_permissions_role_links id; Type: DEFAULT; Schema: public; Owner: postgres
--

ALTER TABLE ONLY public.up_permissions_role_links ALTER COLUMN id SET DEFAULT nextval('public.up_permissions_role_links_id_seq'::regclass);


--
-- TOC entry 3316 (class 2604 OID 42483)
-- Name: up_roles id; Type: DEFAULT; Schema: public; Owner: postgres
--

ALTER TABLE ONLY public.up_roles ALTER COLUMN id SET DEFAULT nextval('public.up_roles_id_seq'::regclass);


--
-- TOC entry 3317 (class 2604 OID 42484)
-- Name: up_users id; Type: DEFAULT; Schema: public; Owner: postgres
--

ALTER TABLE ONLY public.up_users ALTER COLUMN id SET DEFAULT nextval('public.up_users_id_seq'::regclass);


--
-- TOC entry 3318 (class 2604 OID 42485)
-- Name: up_users_role_links id; Type: DEFAULT; Schema: public; Owner: postgres
--

ALTER TABLE ONLY public.up_users_role_links ALTER COLUMN id SET DEFAULT nextval('public.up_users_role_links_id_seq'::regclass);


--
-- TOC entry 3319 (class 2604 OID 42486)
-- Name: upload_folders id; Type: DEFAULT; Schema: public; Owner: postgres
--

ALTER TABLE ONLY public.upload_folders ALTER COLUMN id SET DEFAULT nextval('public.upload_folders_id_seq'::regclass);


--
-- TOC entry 3320 (class 2604 OID 42487)
-- Name: upload_folders_parent_links id; Type: DEFAULT; Schema: public; Owner: postgres
--

ALTER TABLE ONLY public.upload_folders_parent_links ALTER COLUMN id SET DEFAULT nextval('public.upload_folders_parent_links_id_seq'::regclass);


--
-- TOC entry 3636 (class 0 OID 42347)
-- Dependencies: 214
-- Data for Name: admin_permissions; Type: TABLE DATA; Schema: public; Owner: postgres
--

INSERT INTO public.admin_permissions VALUES (1, 'plugin::upload.read', NULL, '{}', '[]', '2023-01-25 23:41:46.775', '2023-01-25 23:41:46.775', NULL, NULL);
INSERT INTO public.admin_permissions VALUES (2, 'plugin::upload.configure-view', NULL, '{}', '[]', '2023-01-25 23:41:46.784', '2023-01-25 23:41:46.784', NULL, NULL);
INSERT INTO public.admin_permissions VALUES (3, 'plugin::upload.assets.create', NULL, '{}', '[]', '2023-01-25 23:41:46.787', '2023-01-25 23:41:46.787', NULL, NULL);
INSERT INTO public.admin_permissions VALUES (4, 'plugin::upload.assets.update', NULL, '{}', '[]', '2023-01-25 23:41:46.79', '2023-01-25 23:41:46.79', NULL, NULL);
INSERT INTO public.admin_permissions VALUES (5, 'plugin::upload.assets.download', NULL, '{}', '[]', '2023-01-25 23:41:46.793', '2023-01-25 23:41:46.793', NULL, NULL);
INSERT INTO public.admin_permissions VALUES (6, 'plugin::upload.assets.copy-link', NULL, '{}', '[]', '2023-01-25 23:41:46.796', '2023-01-25 23:41:46.796', NULL, NULL);
INSERT INTO public.admin_permissions VALUES (7, 'plugin::upload.read', NULL, '{}', '["admin::is-creator"]', '2023-01-25 23:41:46.8', '2023-01-25 23:41:46.8', NULL, NULL);
INSERT INTO public.admin_permissions VALUES (8, 'plugin::upload.configure-view', NULL, '{}', '[]', '2023-01-25 23:41:46.803', '2023-01-25 23:41:46.803', NULL, NULL);
INSERT INTO public.admin_permissions VALUES (9, 'plugin::upload.assets.create', NULL, '{}', '[]', '2023-01-25 23:41:46.806', '2023-01-25 23:41:46.806', NULL, NULL);
INSERT INTO public.admin_permissions VALUES (10, 'plugin::upload.assets.update', NULL, '{}', '["admin::is-creator"]', '2023-01-25 23:41:46.809', '2023-01-25 23:41:46.809', NULL, NULL);
INSERT INTO public.admin_permissions VALUES (11, 'plugin::upload.assets.download', NULL, '{}', '[]', '2023-01-25 23:41:46.812', '2023-01-25 23:41:46.812', NULL, NULL);
INSERT INTO public.admin_permissions VALUES (12, 'plugin::upload.assets.copy-link', NULL, '{}', '[]', '2023-01-25 23:41:46.815', '2023-01-25 23:41:46.815', NULL, NULL);
INSERT INTO public.admin_permissions VALUES (13, 'plugin::content-manager.explorer.create', 'plugin::users-permissions.user', '{"fields": ["username", "email", "provider", "password", "resetPasswordToken", "confirmationToken", "confirmed", "blocked", "role"]}', '[]', '2023-01-25 23:41:46.832', '2023-01-25 23:41:46.832', NULL, NULL);
INSERT INTO public.admin_permissions VALUES (14, 'plugin::content-manager.explorer.read', 'plugin::users-permissions.user', '{"fields": ["username", "email", "provider", "password", "resetPasswordToken", "confirmationToken", "confirmed", "blocked", "role"]}', '[]', '2023-01-25 23:41:46.835', '2023-01-25 23:41:46.835', NULL, NULL);
INSERT INTO public.admin_permissions VALUES (15, 'plugin::content-manager.explorer.update', 'plugin::users-permissions.user', '{"fields": ["username", "email", "provider", "password", "resetPasswordToken", "confirmationToken", "confirmed", "blocked", "role"]}', '[]', '2023-01-25 23:41:46.838', '2023-01-25 23:41:46.838', NULL, NULL);
INSERT INTO public.admin_permissions VALUES (16, 'plugin::content-manager.explorer.delete', 'plugin::users-permissions.user', '{}', '[]', '2023-01-25 23:41:46.841', '2023-01-25 23:41:46.841', NULL, NULL);
INSERT INTO public.admin_permissions VALUES (17, 'plugin::content-manager.single-types.configure-view', NULL, '{}', '[]', '2023-01-25 23:41:46.844', '2023-01-25 23:41:46.844', NULL, NULL);
INSERT INTO public.admin_permissions VALUES (18, 'plugin::content-manager.collection-types.configure-view', NULL, '{}', '[]', '2023-01-25 23:41:46.847', '2023-01-25 23:41:46.847', NULL, NULL);
INSERT INTO public.admin_permissions VALUES (19, 'plugin::content-manager.components.configure-layout', NULL, '{}', '[]', '2023-01-25 23:41:46.851', '2023-01-25 23:41:46.851', NULL, NULL);
INSERT INTO public.admin_permissions VALUES (20, 'plugin::content-type-builder.read', NULL, '{}', '[]', '2023-01-25 23:41:46.853', '2023-01-25 23:41:46.853', NULL, NULL);
INSERT INTO public.admin_permissions VALUES (21, 'plugin::email.settings.read', NULL, '{}', '[]', '2023-01-25 23:41:46.856', '2023-01-25 23:41:46.856', NULL, NULL);
INSERT INTO public.admin_permissions VALUES (22, 'plugin::upload.read', NULL, '{}', '[]', '2023-01-25 23:41:46.859', '2023-01-25 23:41:46.859', NULL, NULL);
INSERT INTO public.admin_permissions VALUES (23, 'plugin::upload.assets.create', NULL, '{}', '[]', '2023-01-25 23:41:46.862', '2023-01-25 23:41:46.862', NULL, NULL);
INSERT INTO public.admin_permissions VALUES (24, 'plugin::upload.assets.update', NULL, '{}', '[]', '2023-01-25 23:41:46.865', '2023-01-25 23:41:46.865', NULL, NULL);
INSERT INTO public.admin_permissions VALUES (25, 'plugin::upload.assets.download', NULL, '{}', '[]', '2023-01-25 23:41:46.867', '2023-01-25 23:41:46.867', NULL, NULL);
INSERT INTO public.admin_permissions VALUES (26, 'plugin::upload.assets.copy-link', NULL, '{}', '[]', '2023-01-25 23:41:46.87', '2023-01-25 23:41:46.87', NULL, NULL);
INSERT INTO public.admin_permissions VALUES (27, 'plugin::upload.configure-view', NULL, '{}', '[]', '2023-01-25 23:41:46.873', '2023-01-25 23:41:46.873', NULL, NULL);
INSERT INTO public.admin_permissions VALUES (28, 'plugin::upload.settings.read', NULL, '{}', '[]', '2023-01-25 23:41:46.876', '2023-01-25 23:41:46.876', NULL, NULL);
INSERT INTO public.admin_permissions VALUES (29, 'plugin::users-permissions.roles.create', NULL, '{}', '[]', '2023-01-25 23:41:46.879', '2023-01-25 23:41:46.879', NULL, NULL);
INSERT INTO public.admin_permissions VALUES (30, 'plugin::users-permissions.roles.read', NULL, '{}', '[]', '2023-01-25 23:41:46.882', '2023-01-25 23:41:46.882', NULL, NULL);
INSERT INTO public.admin_permissions VALUES (31, 'plugin::users-permissions.roles.update', NULL, '{}', '[]', '2023-01-25 23:41:46.885', '2023-01-25 23:41:46.885', NULL, NULL);
INSERT INTO public.admin_permissions VALUES (32, 'plugin::users-permissions.roles.delete', NULL, '{}', '[]', '2023-01-25 23:41:46.887', '2023-01-25 23:41:46.887', NULL, NULL);
INSERT INTO public.admin_permissions VALUES (33, 'plugin::users-permissions.providers.read', NULL, '{}', '[]', '2023-01-25 23:41:46.89', '2023-01-25 23:41:46.89', NULL, NULL);
INSERT INTO public.admin_permissions VALUES (34, 'plugin::users-permissions.providers.update', NULL, '{}', '[]', '2023-01-25 23:41:46.893', '2023-01-25 23:41:46.893', NULL, NULL);
INSERT INTO public.admin_permissions VALUES (35, 'plugin::users-permissions.email-templates.read', NULL, '{}', '[]', '2023-01-25 23:41:46.896', '2023-01-25 23:41:46.896', NULL, NULL);
INSERT INTO public.admin_permissions VALUES (36, 'plugin::users-permissions.email-templates.update', NULL, '{}', '[]', '2023-01-25 23:41:46.899', '2023-01-25 23:41:46.899', NULL, NULL);
INSERT INTO public.admin_permissions VALUES (37, 'plugin::users-permissions.advanced-settings.read', NULL, '{}', '[]', '2023-01-25 23:41:46.902', '2023-01-25 23:41:46.902', NULL, NULL);
INSERT INTO public.admin_permissions VALUES (38, 'plugin::users-permissions.advanced-settings.update', NULL, '{}', '[]', '2023-01-25 23:41:46.904', '2023-01-25 23:41:46.904', NULL, NULL);
INSERT INTO public.admin_permissions VALUES (39, 'plugin::i18n.locale.create', NULL, '{}', '[]', '2023-01-25 23:41:46.908', '2023-01-25 23:41:46.908', NULL, NULL);
INSERT INTO public.admin_permissions VALUES (40, 'plugin::i18n.locale.read', NULL, '{}', '[]', '2023-01-25 23:41:46.91', '2023-01-25 23:41:46.91', NULL, NULL);
INSERT INTO public.admin_permissions VALUES (41, 'plugin::i18n.locale.update', NULL, '{}', '[]', '2023-01-25 23:41:46.913', '2023-01-25 23:41:46.913', NULL, NULL);
INSERT INTO public.admin_permissions VALUES (42, 'plugin::i18n.locale.delete', NULL, '{}', '[]', '2023-01-25 23:41:46.916', '2023-01-25 23:41:46.916', NULL, NULL);
INSERT INTO public.admin_permissions VALUES (43, 'admin::marketplace.read', NULL, '{}', '[]', '2023-01-25 23:41:46.919', '2023-01-25 23:41:46.919', NULL, NULL);
INSERT INTO public.admin_permissions VALUES (44, 'admin::marketplace.plugins.install', NULL, '{}', '[]', '2023-01-25 23:41:46.921', '2023-01-25 23:41:46.921', NULL, NULL);
INSERT INTO public.admin_permissions VALUES (45, 'admin::marketplace.plugins.uninstall', NULL, '{}', '[]', '2023-01-25 23:41:46.925', '2023-01-25 23:41:46.925', NULL, NULL);
INSERT INTO public.admin_permissions VALUES (46, 'admin::webhooks.create', NULL, '{}', '[]', '2023-01-25 23:41:46.928', '2023-01-25 23:41:46.928', NULL, NULL);
INSERT INTO public.admin_permissions VALUES (47, 'admin::webhooks.read', NULL, '{}', '[]', '2023-01-25 23:41:46.93', '2023-01-25 23:41:46.93', NULL, NULL);
INSERT INTO public.admin_permissions VALUES (48, 'admin::webhooks.update', NULL, '{}', '[]', '2023-01-25 23:41:46.933', '2023-01-25 23:41:46.933', NULL, NULL);
INSERT INTO public.admin_permissions VALUES (49, 'admin::webhooks.delete', NULL, '{}', '[]', '2023-01-25 23:41:46.935', '2023-01-25 23:41:46.935', NULL, NULL);
INSERT INTO public.admin_permissions VALUES (50, 'admin::users.create', NULL, '{}', '[]', '2023-01-25 23:41:46.938', '2023-01-25 23:41:46.938', NULL, NULL);
INSERT INTO public.admin_permissions VALUES (51, 'admin::users.read', NULL, '{}', '[]', '2023-01-25 23:41:46.941', '2023-01-25 23:41:46.941', NULL, NULL);
INSERT INTO public.admin_permissions VALUES (52, 'admin::users.update', NULL, '{}', '[]', '2023-01-25 23:41:46.944', '2023-01-25 23:41:46.944', NULL, NULL);
INSERT INTO public.admin_permissions VALUES (53, 'admin::users.delete', NULL, '{}', '[]', '2023-01-25 23:41:46.946', '2023-01-25 23:41:46.946', NULL, NULL);
INSERT INTO public.admin_permissions VALUES (54, 'admin::roles.create', NULL, '{}', '[]', '2023-01-25 23:41:46.949', '2023-01-25 23:41:46.949', NULL, NULL);
INSERT INTO public.admin_permissions VALUES (55, 'admin::roles.read', NULL, '{}', '[]', '2023-01-25 23:41:46.952', '2023-01-25 23:41:46.952', NULL, NULL);
INSERT INTO public.admin_permissions VALUES (56, 'admin::roles.update', NULL, '{}', '[]', '2023-01-25 23:41:46.954', '2023-01-25 23:41:46.954', NULL, NULL);
INSERT INTO public.admin_permissions VALUES (57, 'admin::roles.delete', NULL, '{}', '[]', '2023-01-25 23:41:46.958', '2023-01-25 23:41:46.958', NULL, NULL);
INSERT INTO public.admin_permissions VALUES (58, 'admin::api-tokens.access', NULL, '{}', '[]', '2023-01-25 23:41:46.961', '2023-01-25 23:41:46.961', NULL, NULL);
INSERT INTO public.admin_permissions VALUES (59, 'admin::api-tokens.create', NULL, '{}', '[]', '2023-01-25 23:41:46.963', '2023-01-25 23:41:46.963', NULL, NULL);
INSERT INTO public.admin_permissions VALUES (60, 'admin::api-tokens.read', NULL, '{}', '[]', '2023-01-25 23:41:46.966', '2023-01-25 23:41:46.966', NULL, NULL);
INSERT INTO public.admin_permissions VALUES (61, 'admin::api-tokens.update', NULL, '{}', '[]', '2023-01-25 23:41:46.968', '2023-01-25 23:41:46.968', NULL, NULL);
INSERT INTO public.admin_permissions VALUES (62, 'admin::api-tokens.regenerate', NULL, '{}', '[]', '2023-01-25 23:41:46.971', '2023-01-25 23:41:46.971', NULL, NULL);
INSERT INTO public.admin_permissions VALUES (63, 'admin::api-tokens.delete', NULL, '{}', '[]', '2023-01-25 23:41:46.973', '2023-01-25 23:41:46.973', NULL, NULL);
INSERT INTO public.admin_permissions VALUES (64, 'admin::project-settings.update', NULL, '{}', '[]', '2023-01-25 23:41:46.977', '2023-01-25 23:41:46.977', NULL, NULL);
INSERT INTO public.admin_permissions VALUES (65, 'admin::project-settings.read', NULL, '{}', '[]', '2023-01-25 23:41:46.979', '2023-01-25 23:41:46.979', NULL, NULL);
INSERT INTO public.admin_permissions VALUES (71, 'plugin::content-manager.explorer.create', 'api::g-travel.g-travel', '{"fields": ["Text"]}', '[]', '2023-01-26 12:51:43.019', '2023-01-26 12:51:43.019', NULL, NULL);
INSERT INTO public.admin_permissions VALUES (72, 'plugin::content-manager.explorer.read', 'api::g-travel.g-travel', '{"fields": ["Text"]}', '[]', '2023-01-26 12:51:43.026', '2023-01-26 12:51:43.026', NULL, NULL);
INSERT INTO public.admin_permissions VALUES (73, 'plugin::content-manager.explorer.update', 'api::g-travel.g-travel', '{"fields": ["Text"]}', '[]', '2023-01-26 12:51:43.03', '2023-01-26 12:51:43.03', NULL, NULL);
INSERT INTO public.admin_permissions VALUES (74, 'plugin::content-manager.explorer.delete', 'api::g-travel.g-travel', '{}', '[]', '2023-01-26 12:51:43.033', '2023-01-26 12:51:43.033', NULL, NULL);
INSERT INTO public.admin_permissions VALUES (78, 'plugin::content-manager.explorer.delete', 'api::g-character.g-character', '{}', '[]', '2023-01-26 12:56:06.312', '2023-01-26 12:56:06.312', NULL, NULL);
INSERT INTO public.admin_permissions VALUES (94, 'plugin::content-manager.explorer.delete', 'api::g-account.g-account', '{}', '[]', '2023-01-26 14:10:42.361', '2023-01-26 14:10:42.361', NULL, NULL);
INSERT INTO public.admin_permissions VALUES (104, 'plugin::content-manager.explorer.create', 'api::g-account.g-account', '{"fields": ["user_name", "pass", "is_member"]}', '[]', '2023-01-26 14:22:03.928', '2023-01-26 14:22:03.928', NULL, NULL);
INSERT INTO public.admin_permissions VALUES (106, 'plugin::content-manager.explorer.read', 'api::g-account.g-account', '{"fields": ["user_name", "pass", "is_member"]}', '[]', '2023-01-26 14:22:03.937', '2023-01-26 14:22:03.937', NULL, NULL);
INSERT INTO public.admin_permissions VALUES (108, 'plugin::content-manager.explorer.update', 'api::g-account.g-account', '{"fields": ["user_name", "pass", "is_member"]}', '[]', '2023-01-26 14:22:03.945', '2023-01-26 14:22:03.945', NULL, NULL);
INSERT INTO public.admin_permissions VALUES (113, 'plugin::content-manager.explorer.create', 'api::g-character.g-character', '{"fields": ["name", "localtion", "max_hp", "current_exp", "gold", "lvl", "point", "current_hp", "acc_id", "current_atk", "current_def", "current_dex"]}', '[]', '2023-01-26 19:17:19.757', '2023-01-26 19:17:19.757', NULL, NULL);
INSERT INTO public.admin_permissions VALUES (114, 'plugin::content-manager.explorer.read', 'api::g-character.g-character', '{"fields": ["name", "localtion", "max_hp", "current_exp", "gold", "lvl", "point", "current_hp", "acc_id", "current_atk", "current_def", "current_dex"]}', '[]', '2023-01-26 19:17:19.763', '2023-01-26 19:17:19.763', NULL, NULL);
INSERT INTO public.admin_permissions VALUES (115, 'plugin::content-manager.explorer.update', 'api::g-character.g-character', '{"fields": ["name", "localtion", "max_hp", "current_exp", "gold", "lvl", "point", "current_hp", "acc_id", "current_atk", "current_def", "current_dex"]}', '[]', '2023-01-26 19:17:19.767', '2023-01-26 19:17:19.767', NULL, NULL);


--
-- TOC entry 3638 (class 0 OID 42353)
-- Dependencies: 216
-- Data for Name: admin_permissions_role_links; Type: TABLE DATA; Schema: public; Owner: postgres
--

INSERT INTO public.admin_permissions_role_links VALUES (1, 1, 2, 1);
INSERT INTO public.admin_permissions_role_links VALUES (2, 2, 2, 2);
INSERT INTO public.admin_permissions_role_links VALUES (3, 3, 2, 3);
INSERT INTO public.admin_permissions_role_links VALUES (4, 4, 2, 4);
INSERT INTO public.admin_permissions_role_links VALUES (5, 5, 2, 5);
INSERT INTO public.admin_permissions_role_links VALUES (6, 6, 2, 6);
INSERT INTO public.admin_permissions_role_links VALUES (7, 7, 3, 1);
INSERT INTO public.admin_permissions_role_links VALUES (8, 8, 3, 2);
INSERT INTO public.admin_permissions_role_links VALUES (9, 9, 3, 3);
INSERT INTO public.admin_permissions_role_links VALUES (10, 10, 3, 4);
INSERT INTO public.admin_permissions_role_links VALUES (11, 11, 3, 5);
INSERT INTO public.admin_permissions_role_links VALUES (12, 12, 3, 6);
INSERT INTO public.admin_permissions_role_links VALUES (13, 13, 1, 1);
INSERT INTO public.admin_permissions_role_links VALUES (14, 14, 1, 2);
INSERT INTO public.admin_permissions_role_links VALUES (15, 15, 1, 3);
INSERT INTO public.admin_permissions_role_links VALUES (16, 16, 1, 4);
INSERT INTO public.admin_permissions_role_links VALUES (17, 17, 1, 5);
INSERT INTO public.admin_permissions_role_links VALUES (18, 18, 1, 6);
INSERT INTO public.admin_permissions_role_links VALUES (19, 19, 1, 7);
INSERT INTO public.admin_permissions_role_links VALUES (20, 20, 1, 8);
INSERT INTO public.admin_permissions_role_links VALUES (21, 21, 1, 9);
INSERT INTO public.admin_permissions_role_links VALUES (22, 22, 1, 10);
INSERT INTO public.admin_permissions_role_links VALUES (23, 23, 1, 11);
INSERT INTO public.admin_permissions_role_links VALUES (24, 24, 1, 12);
INSERT INTO public.admin_permissions_role_links VALUES (25, 25, 1, 13);
INSERT INTO public.admin_permissions_role_links VALUES (26, 26, 1, 14);
INSERT INTO public.admin_permissions_role_links VALUES (27, 27, 1, 15);
INSERT INTO public.admin_permissions_role_links VALUES (28, 28, 1, 16);
INSERT INTO public.admin_permissions_role_links VALUES (29, 29, 1, 17);
INSERT INTO public.admin_permissions_role_links VALUES (30, 30, 1, 18);
INSERT INTO public.admin_permissions_role_links VALUES (31, 31, 1, 19);
INSERT INTO public.admin_permissions_role_links VALUES (32, 32, 1, 20);
INSERT INTO public.admin_permissions_role_links VALUES (33, 33, 1, 21);
INSERT INTO public.admin_permissions_role_links VALUES (34, 34, 1, 22);
INSERT INTO public.admin_permissions_role_links VALUES (35, 35, 1, 23);
INSERT INTO public.admin_permissions_role_links VALUES (36, 36, 1, 24);
INSERT INTO public.admin_permissions_role_links VALUES (37, 37, 1, 25);
INSERT INTO public.admin_permissions_role_links VALUES (38, 38, 1, 26);
INSERT INTO public.admin_permissions_role_links VALUES (39, 39, 1, 27);
INSERT INTO public.admin_permissions_role_links VALUES (40, 40, 1, 28);
INSERT INTO public.admin_permissions_role_links VALUES (41, 41, 1, 29);
INSERT INTO public.admin_permissions_role_links VALUES (42, 42, 1, 30);
INSERT INTO public.admin_permissions_role_links VALUES (43, 43, 1, 31);
INSERT INTO public.admin_permissions_role_links VALUES (44, 44, 1, 32);
INSERT INTO public.admin_permissions_role_links VALUES (45, 45, 1, 33);
INSERT INTO public.admin_permissions_role_links VALUES (46, 46, 1, 34);
INSERT INTO public.admin_permissions_role_links VALUES (47, 47, 1, 35);
INSERT INTO public.admin_permissions_role_links VALUES (48, 48, 1, 36);
INSERT INTO public.admin_permissions_role_links VALUES (49, 49, 1, 37);
INSERT INTO public.admin_permissions_role_links VALUES (50, 50, 1, 38);
INSERT INTO public.admin_permissions_role_links VALUES (51, 51, 1, 39);
INSERT INTO public.admin_permissions_role_links VALUES (52, 52, 1, 40);
INSERT INTO public.admin_permissions_role_links VALUES (53, 53, 1, 41);
INSERT INTO public.admin_permissions_role_links VALUES (54, 54, 1, 42);
INSERT INTO public.admin_permissions_role_links VALUES (55, 55, 1, 43);
INSERT INTO public.admin_permissions_role_links VALUES (56, 56, 1, 44);
INSERT INTO public.admin_permissions_role_links VALUES (57, 57, 1, 45);
INSERT INTO public.admin_permissions_role_links VALUES (58, 58, 1, 46);
INSERT INTO public.admin_permissions_role_links VALUES (59, 59, 1, 47);
INSERT INTO public.admin_permissions_role_links VALUES (60, 60, 1, 48);
INSERT INTO public.admin_permissions_role_links VALUES (61, 61, 1, 49);
INSERT INTO public.admin_permissions_role_links VALUES (62, 62, 1, 50);
INSERT INTO public.admin_permissions_role_links VALUES (63, 63, 1, 51);
INSERT INTO public.admin_permissions_role_links VALUES (64, 64, 1, 52);
INSERT INTO public.admin_permissions_role_links VALUES (65, 65, 1, 53);
INSERT INTO public.admin_permissions_role_links VALUES (71, 71, 1, 54);
INSERT INTO public.admin_permissions_role_links VALUES (72, 72, 1, 55);
INSERT INTO public.admin_permissions_role_links VALUES (73, 73, 1, 56);
INSERT INTO public.admin_permissions_role_links VALUES (74, 74, 1, 57);
INSERT INTO public.admin_permissions_role_links VALUES (78, 78, 1, 61);
INSERT INTO public.admin_permissions_role_links VALUES (94, 94, 1, 68);
INSERT INTO public.admin_permissions_role_links VALUES (104, 104, 1, 69);
INSERT INTO public.admin_permissions_role_links VALUES (106, 106, 1, 71);
INSERT INTO public.admin_permissions_role_links VALUES (108, 108, 1, 73);
INSERT INTO public.admin_permissions_role_links VALUES (113, 113, 1, 74);
INSERT INTO public.admin_permissions_role_links VALUES (114, 114, 1, 75);
INSERT INTO public.admin_permissions_role_links VALUES (115, 115, 1, 76);


--
-- TOC entry 3640 (class 0 OID 42357)
-- Dependencies: 218
-- Data for Name: admin_roles; Type: TABLE DATA; Schema: public; Owner: postgres
--

INSERT INTO public.admin_roles VALUES (1, 'Super Admin', 'strapi-super-admin', 'Super Admins can access and manage all features and settings.', '2023-01-25 23:41:46.761', '2023-01-25 23:41:46.761', NULL, NULL);
INSERT INTO public.admin_roles VALUES (2, 'Editor', 'strapi-editor', 'Editors can manage and publish contents including those of other users.', '2023-01-25 23:41:46.769', '2023-01-25 23:41:46.769', NULL, NULL);
INSERT INTO public.admin_roles VALUES (3, 'Author', 'strapi-author', 'Authors can manage the content they have created.', '2023-01-25 23:41:46.772', '2023-01-25 23:41:46.772', NULL, NULL);


--
-- TOC entry 3642 (class 0 OID 42363)
-- Dependencies: 220
-- Data for Name: admin_users; Type: TABLE DATA; Schema: public; Owner: postgres
--

INSERT INTO public.admin_users VALUES (1, 'ad', 'min', NULL, 'superadmin@gmail.com', '$2a$10$D7OBq8Ogfnj2LCTZ0vjojuoxUAuviLCQB6A/tWf2bB2NyqYpCZDke', NULL, NULL, true, false, NULL, '2023-01-25 23:43:12.493', '2023-01-25 23:43:12.493', NULL, NULL);


--
-- TOC entry 3644 (class 0 OID 42369)
-- Dependencies: 222
-- Data for Name: admin_users_roles_links; Type: TABLE DATA; Schema: public; Owner: postgres
--

INSERT INTO public.admin_users_roles_links VALUES (1, 1, 1, 1, 1);


--
-- TOC entry 3646 (class 0 OID 42373)
-- Dependencies: 224
-- Data for Name: files; Type: TABLE DATA; Schema: public; Owner: postgres
--



--
-- TOC entry 3647 (class 0 OID 42378)
-- Dependencies: 225
-- Data for Name: files_folder_links; Type: TABLE DATA; Schema: public; Owner: postgres
--



--
-- TOC entry 3650 (class 0 OID 42383)
-- Dependencies: 228
-- Data for Name: files_related_morphs; Type: TABLE DATA; Schema: public; Owner: postgres
--



--
-- TOC entry 3687 (class 0 OID 43064)
-- Dependencies: 265
-- Data for Name: g_accounts; Type: TABLE DATA; Schema: public; Owner: postgres
--

INSERT INTO public.g_accounts VALUES (1, 'admin1@gmail.com', '$2a$10$Jw9PaV4QdqJOsVeBhuf8tuscxDd/iRYjUmKJKwAXLEET4kiHFRGRS', false, '2023-01-26 19:12:44.383', '2023-01-26 19:12:44.383', 1, 1);
INSERT INTO public.g_accounts VALUES (2, 'admin2@gmail.com', '$2a$10$A2u2Olm54jm2KIKDVRL0CuOMnd1cdsJLWcrYnIyXSr6KIj30HQE7C', false, '2023-01-26 19:13:39.33', '2023-01-26 19:13:39.33', 1, 1);


--
-- TOC entry 3685 (class 0 OID 43035)
-- Dependencies: 263
-- Data for Name: g_characters; Type: TABLE DATA; Schema: public; Owner: postgres
--

INSERT INTO public.g_characters VALUES (1, NULL, 'admin1', '2023-01-26 19:22:18.682', '2023-01-26 19:22:18.682', 1, 1, 1, 0, NULL, NULL, 1000, 1, 0, 200, 0, 200, 10, 10, 10);
INSERT INTO public.g_characters VALUES (2, NULL, 'admin2', '2023-01-26 19:22:38.665', '2023-01-26 19:22:38.665', 1, 1, 2, 0, NULL, NULL, 1000, 1, 0, 200, 0, 200, 10, 10, 10);


--
-- TOC entry 3683 (class 0 OID 43012)
-- Dependencies: 261
-- Data for Name: g_travels; Type: TABLE DATA; Schema: public; Owner: postgres
--

INSERT INTO public.g_travels VALUES (1, 'hello', '2023-01-26 12:52:22.186', '2023-01-26 12:52:22.186', 1, 1);


--
-- TOC entry 3652 (class 0 OID 42389)
-- Dependencies: 230
-- Data for Name: i18n_locale; Type: TABLE DATA; Schema: public; Owner: postgres
--

INSERT INTO public.i18n_locale VALUES (1, 'English (en)', 'en', '2023-01-25 23:41:46.703', '2023-01-25 23:41:46.703', NULL, NULL);


--
-- TOC entry 3654 (class 0 OID 42395)
-- Dependencies: 232
-- Data for Name: strapi_api_token_permissions; Type: TABLE DATA; Schema: public; Owner: postgres
--



--
-- TOC entry 3656 (class 0 OID 42399)
-- Dependencies: 234
-- Data for Name: strapi_api_token_permissions_token_links; Type: TABLE DATA; Schema: public; Owner: postgres
--



--
-- TOC entry 3658 (class 0 OID 42403)
-- Dependencies: 236
-- Data for Name: strapi_api_tokens; Type: TABLE DATA; Schema: public; Owner: postgres
--



--
-- TOC entry 3660 (class 0 OID 42409)
-- Dependencies: 238
-- Data for Name: strapi_core_store_settings; Type: TABLE DATA; Schema: public; Owner: postgres
--

INSERT INTO public.strapi_core_store_settings VALUES (2, 'plugin_content_manager_configuration_content_types::admin::permission', '{"uid":"admin::permission","settings":{"bulkable":true,"filterable":true,"searchable":true,"pageSize":10,"mainField":"action","defaultSortBy":"action","defaultSortOrder":"ASC"},"metadatas":{"id":{"edit":{},"list":{"label":"id","searchable":true,"sortable":true}},"action":{"edit":{"label":"action","description":"","placeholder":"","visible":true,"editable":true},"list":{"label":"action","searchable":true,"sortable":true}},"subject":{"edit":{"label":"subject","description":"","placeholder":"","visible":true,"editable":true},"list":{"label":"subject","searchable":true,"sortable":true}},"properties":{"edit":{"label":"properties","description":"","placeholder":"","visible":true,"editable":true},"list":{"label":"properties","searchable":false,"sortable":false}},"conditions":{"edit":{"label":"conditions","description":"","placeholder":"","visible":true,"editable":true},"list":{"label":"conditions","searchable":false,"sortable":false}},"role":{"edit":{"label":"role","description":"","placeholder":"","visible":true,"editable":true,"mainField":"name"},"list":{"label":"role","searchable":true,"sortable":true}},"createdAt":{"edit":{"label":"createdAt","description":"","placeholder":"","visible":false,"editable":true},"list":{"label":"createdAt","searchable":true,"sortable":true}},"updatedAt":{"edit":{"label":"updatedAt","description":"","placeholder":"","visible":false,"editable":true},"list":{"label":"updatedAt","searchable":true,"sortable":true}}},"layouts":{"list":["id","action","subject","role"],"edit":[[{"name":"action","size":6},{"name":"subject","size":6}],[{"name":"properties","size":12}],[{"name":"conditions","size":12}],[{"name":"role","size":6}]]}}', 'object', NULL, NULL);
INSERT INTO public.strapi_core_store_settings VALUES (3, 'plugin_content_manager_configuration_content_types::admin::api-token', '{"uid":"admin::api-token","settings":{"bulkable":true,"filterable":true,"searchable":true,"pageSize":10,"mainField":"name","defaultSortBy":"name","defaultSortOrder":"ASC"},"metadatas":{"id":{"edit":{},"list":{"label":"id","searchable":true,"sortable":true}},"name":{"edit":{"label":"name","description":"","placeholder":"","visible":true,"editable":true},"list":{"label":"name","searchable":true,"sortable":true}},"description":{"edit":{"label":"description","description":"","placeholder":"","visible":true,"editable":true},"list":{"label":"description","searchable":true,"sortable":true}},"type":{"edit":{"label":"type","description":"","placeholder":"","visible":true,"editable":true},"list":{"label":"type","searchable":true,"sortable":true}},"accessKey":{"edit":{"label":"accessKey","description":"","placeholder":"","visible":true,"editable":true},"list":{"label":"accessKey","searchable":true,"sortable":true}},"lastUsedAt":{"edit":{"label":"lastUsedAt","description":"","placeholder":"","visible":true,"editable":true},"list":{"label":"lastUsedAt","searchable":true,"sortable":true}},"permissions":{"edit":{"label":"permissions","description":"","placeholder":"","visible":true,"editable":true,"mainField":"action"},"list":{"label":"permissions","searchable":false,"sortable":false}},"expiresAt":{"edit":{"label":"expiresAt","description":"","placeholder":"","visible":true,"editable":true},"list":{"label":"expiresAt","searchable":true,"sortable":true}},"lifespan":{"edit":{"label":"lifespan","description":"","placeholder":"","visible":true,"editable":true},"list":{"label":"lifespan","searchable":true,"sortable":true}},"createdAt":{"edit":{"label":"createdAt","description":"","placeholder":"","visible":false,"editable":true},"list":{"label":"createdAt","searchable":true,"sortable":true}},"updatedAt":{"edit":{"label":"updatedAt","description":"","placeholder":"","visible":false,"editable":true},"list":{"label":"updatedAt","searchable":true,"sortable":true}}},"layouts":{"list":["id","name","description","type"],"edit":[[{"name":"name","size":6},{"name":"description","size":6}],[{"name":"type","size":6},{"name":"accessKey","size":6}],[{"name":"lastUsedAt","size":6},{"name":"permissions","size":6}],[{"name":"expiresAt","size":6},{"name":"lifespan","size":4}]]}}', 'object', NULL, NULL);
INSERT INTO public.strapi_core_store_settings VALUES (4, 'plugin_content_manager_configuration_content_types::admin::api-token-permission', '{"uid":"admin::api-token-permission","settings":{"bulkable":true,"filterable":true,"searchable":true,"pageSize":10,"mainField":"action","defaultSortBy":"action","defaultSortOrder":"ASC"},"metadatas":{"id":{"edit":{},"list":{"label":"id","searchable":true,"sortable":true}},"action":{"edit":{"label":"action","description":"","placeholder":"","visible":true,"editable":true},"list":{"label":"action","searchable":true,"sortable":true}},"token":{"edit":{"label":"token","description":"","placeholder":"","visible":true,"editable":true,"mainField":"name"},"list":{"label":"token","searchable":true,"sortable":true}},"createdAt":{"edit":{"label":"createdAt","description":"","placeholder":"","visible":false,"editable":true},"list":{"label":"createdAt","searchable":true,"sortable":true}},"updatedAt":{"edit":{"label":"updatedAt","description":"","placeholder":"","visible":false,"editable":true},"list":{"label":"updatedAt","searchable":true,"sortable":true}}},"layouts":{"list":["id","action","token","createdAt"],"edit":[[{"name":"action","size":6},{"name":"token","size":6}]]}}', 'object', NULL, NULL);
INSERT INTO public.strapi_core_store_settings VALUES (5, 'plugin_content_manager_configuration_content_types::plugin::upload.file', '{"uid":"plugin::upload.file","settings":{"bulkable":true,"filterable":true,"searchable":true,"pageSize":10,"mainField":"name","defaultSortBy":"name","defaultSortOrder":"ASC"},"metadatas":{"id":{"edit":{},"list":{"label":"id","searchable":true,"sortable":true}},"name":{"edit":{"label":"name","description":"","placeholder":"","visible":true,"editable":true},"list":{"label":"name","searchable":true,"sortable":true}},"alternativeText":{"edit":{"label":"alternativeText","description":"","placeholder":"","visible":true,"editable":true},"list":{"label":"alternativeText","searchable":true,"sortable":true}},"caption":{"edit":{"label":"caption","description":"","placeholder":"","visible":true,"editable":true},"list":{"label":"caption","searchable":true,"sortable":true}},"width":{"edit":{"label":"width","description":"","placeholder":"","visible":true,"editable":true},"list":{"label":"width","searchable":true,"sortable":true}},"height":{"edit":{"label":"height","description":"","placeholder":"","visible":true,"editable":true},"list":{"label":"height","searchable":true,"sortable":true}},"formats":{"edit":{"label":"formats","description":"","placeholder":"","visible":true,"editable":true},"list":{"label":"formats","searchable":false,"sortable":false}},"hash":{"edit":{"label":"hash","description":"","placeholder":"","visible":true,"editable":true},"list":{"label":"hash","searchable":true,"sortable":true}},"ext":{"edit":{"label":"ext","description":"","placeholder":"","visible":true,"editable":true},"list":{"label":"ext","searchable":true,"sortable":true}},"mime":{"edit":{"label":"mime","description":"","placeholder":"","visible":true,"editable":true},"list":{"label":"mime","searchable":true,"sortable":true}},"size":{"edit":{"label":"size","description":"","placeholder":"","visible":true,"editable":true},"list":{"label":"size","searchable":true,"sortable":true}},"url":{"edit":{"label":"url","description":"","placeholder":"","visible":true,"editable":true},"list":{"label":"url","searchable":true,"sortable":true}},"previewUrl":{"edit":{"label":"previewUrl","description":"","placeholder":"","visible":true,"editable":true},"list":{"label":"previewUrl","searchable":true,"sortable":true}},"provider":{"edit":{"label":"provider","description":"","placeholder":"","visible":true,"editable":true},"list":{"label":"provider","searchable":true,"sortable":true}},"provider_metadata":{"edit":{"label":"provider_metadata","description":"","placeholder":"","visible":true,"editable":true},"list":{"label":"provider_metadata","searchable":false,"sortable":false}},"folder":{"edit":{"label":"folder","description":"","placeholder":"","visible":true,"editable":true,"mainField":"name"},"list":{"label":"folder","searchable":true,"sortable":true}},"folderPath":{"edit":{"label":"folderPath","description":"","placeholder":"","visible":true,"editable":true},"list":{"label":"folderPath","searchable":true,"sortable":true}},"createdAt":{"edit":{"label":"createdAt","description":"","placeholder":"","visible":false,"editable":true},"list":{"label":"createdAt","searchable":true,"sortable":true}},"updatedAt":{"edit":{"label":"updatedAt","description":"","placeholder":"","visible":false,"editable":true},"list":{"label":"updatedAt","searchable":true,"sortable":true}}},"layouts":{"list":["id","name","alternativeText","caption"],"edit":[[{"name":"name","size":6},{"name":"alternativeText","size":6}],[{"name":"caption","size":6},{"name":"width","size":4}],[{"name":"height","size":4}],[{"name":"formats","size":12}],[{"name":"hash","size":6},{"name":"ext","size":6}],[{"name":"mime","size":6},{"name":"size","size":4}],[{"name":"url","size":6},{"name":"previewUrl","size":6}],[{"name":"provider","size":6}],[{"name":"provider_metadata","size":12}],[{"name":"folder","size":6},{"name":"folderPath","size":6}]]}}', 'object', NULL, NULL);
INSERT INTO public.strapi_core_store_settings VALUES (6, 'plugin_content_manager_configuration_content_types::plugin::upload.folder', '{"uid":"plugin::upload.folder","settings":{"bulkable":true,"filterable":true,"searchable":true,"pageSize":10,"mainField":"name","defaultSortBy":"name","defaultSortOrder":"ASC"},"metadatas":{"id":{"edit":{},"list":{"label":"id","searchable":true,"sortable":true}},"name":{"edit":{"label":"name","description":"","placeholder":"","visible":true,"editable":true},"list":{"label":"name","searchable":true,"sortable":true}},"pathId":{"edit":{"label":"pathId","description":"","placeholder":"","visible":true,"editable":true},"list":{"label":"pathId","searchable":true,"sortable":true}},"parent":{"edit":{"label":"parent","description":"","placeholder":"","visible":true,"editable":true,"mainField":"name"},"list":{"label":"parent","searchable":true,"sortable":true}},"children":{"edit":{"label":"children","description":"","placeholder":"","visible":true,"editable":true,"mainField":"name"},"list":{"label":"children","searchable":false,"sortable":false}},"files":{"edit":{"label":"files","description":"","placeholder":"","visible":true,"editable":true,"mainField":"name"},"list":{"label":"files","searchable":false,"sortable":false}},"path":{"edit":{"label":"path","description":"","placeholder":"","visible":true,"editable":true},"list":{"label":"path","searchable":true,"sortable":true}},"createdAt":{"edit":{"label":"createdAt","description":"","placeholder":"","visible":false,"editable":true},"list":{"label":"createdAt","searchable":true,"sortable":true}},"updatedAt":{"edit":{"label":"updatedAt","description":"","placeholder":"","visible":false,"editable":true},"list":{"label":"updatedAt","searchable":true,"sortable":true}}},"layouts":{"list":["id","name","pathId","parent"],"edit":[[{"name":"name","size":6},{"name":"pathId","size":4}],[{"name":"parent","size":6},{"name":"children","size":6}],[{"name":"files","size":6},{"name":"path","size":6}]]}}', 'object', NULL, NULL);
INSERT INTO public.strapi_core_store_settings VALUES (7, 'plugin_content_manager_configuration_content_types::plugin::users-permissions.permission', '{"uid":"plugin::users-permissions.permission","settings":{"bulkable":true,"filterable":true,"searchable":true,"pageSize":10,"mainField":"action","defaultSortBy":"action","defaultSortOrder":"ASC"},"metadatas":{"id":{"edit":{},"list":{"label":"id","searchable":true,"sortable":true}},"action":{"edit":{"label":"action","description":"","placeholder":"","visible":true,"editable":true},"list":{"label":"action","searchable":true,"sortable":true}},"role":{"edit":{"label":"role","description":"","placeholder":"","visible":true,"editable":true,"mainField":"name"},"list":{"label":"role","searchable":true,"sortable":true}},"createdAt":{"edit":{"label":"createdAt","description":"","placeholder":"","visible":false,"editable":true},"list":{"label":"createdAt","searchable":true,"sortable":true}},"updatedAt":{"edit":{"label":"updatedAt","description":"","placeholder":"","visible":false,"editable":true},"list":{"label":"updatedAt","searchable":true,"sortable":true}}},"layouts":{"list":["id","action","role","createdAt"],"edit":[[{"name":"action","size":6},{"name":"role","size":6}]]}}', 'object', NULL, NULL);
INSERT INTO public.strapi_core_store_settings VALUES (1, 'strapi_content_types_schema', '{"admin::permission":{"collectionName":"admin_permissions","info":{"name":"Permission","description":"","singularName":"permission","pluralName":"permissions","displayName":"Permission"},"options":{},"pluginOptions":{"content-manager":{"visible":false},"content-type-builder":{"visible":false}},"attributes":{"action":{"type":"string","minLength":1,"configurable":false,"required":true},"subject":{"type":"string","minLength":1,"configurable":false,"required":false},"properties":{"type":"json","configurable":false,"required":false,"default":{}},"conditions":{"type":"json","configurable":false,"required":false,"default":[]},"role":{"configurable":false,"type":"relation","relation":"manyToOne","inversedBy":"permissions","target":"admin::role"},"createdAt":{"type":"datetime"},"updatedAt":{"type":"datetime"},"createdBy":{"type":"relation","relation":"oneToOne","target":"admin::user","configurable":false,"writable":false,"visible":false,"useJoinTable":false,"private":true},"updatedBy":{"type":"relation","relation":"oneToOne","target":"admin::user","configurable":false,"writable":false,"visible":false,"useJoinTable":false,"private":true}},"kind":"collectionType","__schema__":{"collectionName":"admin_permissions","info":{"name":"Permission","description":"","singularName":"permission","pluralName":"permissions","displayName":"Permission"},"options":{},"pluginOptions":{"content-manager":{"visible":false},"content-type-builder":{"visible":false}},"attributes":{"action":{"type":"string","minLength":1,"configurable":false,"required":true},"subject":{"type":"string","minLength":1,"configurable":false,"required":false},"properties":{"type":"json","configurable":false,"required":false,"default":{}},"conditions":{"type":"json","configurable":false,"required":false,"default":[]},"role":{"configurable":false,"type":"relation","relation":"manyToOne","inversedBy":"permissions","target":"admin::role"}},"kind":"collectionType"},"modelType":"contentType","modelName":"permission","connection":"default","uid":"admin::permission","plugin":"admin","globalId":"AdminPermission"},"admin::user":{"collectionName":"admin_users","info":{"name":"User","description":"","singularName":"user","pluralName":"users","displayName":"User"},"pluginOptions":{"content-manager":{"visible":false},"content-type-builder":{"visible":false}},"attributes":{"firstname":{"type":"string","unique":false,"minLength":1,"configurable":false,"required":false},"lastname":{"type":"string","unique":false,"minLength":1,"configurable":false,"required":false},"username":{"type":"string","unique":false,"configurable":false,"required":false},"email":{"type":"email","minLength":6,"configurable":false,"required":true,"unique":true,"private":true},"password":{"type":"password","minLength":6,"configurable":false,"required":false,"private":true},"resetPasswordToken":{"type":"string","configurable":false,"private":true},"registrationToken":{"type":"string","configurable":false,"private":true},"isActive":{"type":"boolean","default":false,"configurable":false,"private":true},"roles":{"configurable":false,"private":true,"type":"relation","relation":"manyToMany","inversedBy":"users","target":"admin::role","collectionName":"strapi_users_roles"},"blocked":{"type":"boolean","default":false,"configurable":false,"private":true},"preferedLanguage":{"type":"string","configurable":false,"required":false},"createdAt":{"type":"datetime"},"updatedAt":{"type":"datetime"},"createdBy":{"type":"relation","relation":"oneToOne","target":"admin::user","configurable":false,"writable":false,"visible":false,"useJoinTable":false,"private":true},"updatedBy":{"type":"relation","relation":"oneToOne","target":"admin::user","configurable":false,"writable":false,"visible":false,"useJoinTable":false,"private":true}},"kind":"collectionType","__schema__":{"collectionName":"admin_users","info":{"name":"User","description":"","singularName":"user","pluralName":"users","displayName":"User"},"pluginOptions":{"content-manager":{"visible":false},"content-type-builder":{"visible":false}},"attributes":{"firstname":{"type":"string","unique":false,"minLength":1,"configurable":false,"required":false},"lastname":{"type":"string","unique":false,"minLength":1,"configurable":false,"required":false},"username":{"type":"string","unique":false,"configurable":false,"required":false},"email":{"type":"email","minLength":6,"configurable":false,"required":true,"unique":true,"private":true},"password":{"type":"password","minLength":6,"configurable":false,"required":false,"private":true},"resetPasswordToken":{"type":"string","configurable":false,"private":true},"registrationToken":{"type":"string","configurable":false,"private":true},"isActive":{"type":"boolean","default":false,"configurable":false,"private":true},"roles":{"configurable":false,"private":true,"type":"relation","relation":"manyToMany","inversedBy":"users","target":"admin::role","collectionName":"strapi_users_roles"},"blocked":{"type":"boolean","default":false,"configurable":false,"private":true},"preferedLanguage":{"type":"string","configurable":false,"required":false}},"kind":"collectionType"},"modelType":"contentType","modelName":"user","connection":"default","uid":"admin::user","plugin":"admin","globalId":"AdminUser"},"admin::role":{"collectionName":"admin_roles","info":{"name":"Role","description":"","singularName":"role","pluralName":"roles","displayName":"Role"},"options":{},"pluginOptions":{"content-manager":{"visible":false},"content-type-builder":{"visible":false}},"attributes":{"name":{"type":"string","minLength":1,"unique":true,"configurable":false,"required":true},"code":{"type":"string","minLength":1,"unique":true,"configurable":false,"required":true},"description":{"type":"string","configurable":false},"users":{"configurable":false,"type":"relation","relation":"manyToMany","mappedBy":"roles","target":"admin::user"},"permissions":{"configurable":false,"type":"relation","relation":"oneToMany","mappedBy":"role","target":"admin::permission"},"createdAt":{"type":"datetime"},"updatedAt":{"type":"datetime"},"createdBy":{"type":"relation","relation":"oneToOne","target":"admin::user","configurable":false,"writable":false,"visible":false,"useJoinTable":false,"private":true},"updatedBy":{"type":"relation","relation":"oneToOne","target":"admin::user","configurable":false,"writable":false,"visible":false,"useJoinTable":false,"private":true}},"kind":"collectionType","__schema__":{"collectionName":"admin_roles","info":{"name":"Role","description":"","singularName":"role","pluralName":"roles","displayName":"Role"},"options":{},"pluginOptions":{"content-manager":{"visible":false},"content-type-builder":{"visible":false}},"attributes":{"name":{"type":"string","minLength":1,"unique":true,"configurable":false,"required":true},"code":{"type":"string","minLength":1,"unique":true,"configurable":false,"required":true},"description":{"type":"string","configurable":false},"users":{"configurable":false,"type":"relation","relation":"manyToMany","mappedBy":"roles","target":"admin::user"},"permissions":{"configurable":false,"type":"relation","relation":"oneToMany","mappedBy":"role","target":"admin::permission"}},"kind":"collectionType"},"modelType":"contentType","modelName":"role","connection":"default","uid":"admin::role","plugin":"admin","globalId":"AdminRole"},"admin::api-token":{"collectionName":"strapi_api_tokens","info":{"name":"Api Token","singularName":"api-token","pluralName":"api-tokens","displayName":"Api Token","description":""},"options":{},"pluginOptions":{"content-manager":{"visible":false},"content-type-builder":{"visible":false}},"attributes":{"name":{"type":"string","minLength":1,"configurable":false,"required":true,"unique":true},"description":{"type":"string","minLength":1,"configurable":false,"required":false,"default":""},"type":{"type":"enumeration","enum":["read-only","full-access","custom"],"configurable":false,"required":true,"default":"read-only"},"accessKey":{"type":"string","minLength":1,"configurable":false,"required":true},"lastUsedAt":{"type":"datetime","configurable":false,"required":false},"permissions":{"type":"relation","target":"admin::api-token-permission","relation":"oneToMany","mappedBy":"token","configurable":false,"required":false},"expiresAt":{"type":"datetime","configurable":false,"required":false},"lifespan":{"type":"biginteger","configurable":false,"required":false},"createdAt":{"type":"datetime"},"updatedAt":{"type":"datetime"},"createdBy":{"type":"relation","relation":"oneToOne","target":"admin::user","configurable":false,"writable":false,"visible":false,"useJoinTable":false,"private":true},"updatedBy":{"type":"relation","relation":"oneToOne","target":"admin::user","configurable":false,"writable":false,"visible":false,"useJoinTable":false,"private":true}},"kind":"collectionType","__schema__":{"collectionName":"strapi_api_tokens","info":{"name":"Api Token","singularName":"api-token","pluralName":"api-tokens","displayName":"Api Token","description":""},"options":{},"pluginOptions":{"content-manager":{"visible":false},"content-type-builder":{"visible":false}},"attributes":{"name":{"type":"string","minLength":1,"configurable":false,"required":true,"unique":true},"description":{"type":"string","minLength":1,"configurable":false,"required":false,"default":""},"type":{"type":"enumeration","enum":["read-only","full-access","custom"],"configurable":false,"required":true,"default":"read-only"},"accessKey":{"type":"string","minLength":1,"configurable":false,"required":true},"lastUsedAt":{"type":"datetime","configurable":false,"required":false},"permissions":{"type":"relation","target":"admin::api-token-permission","relation":"oneToMany","mappedBy":"token","configurable":false,"required":false},"expiresAt":{"type":"datetime","configurable":false,"required":false},"lifespan":{"type":"biginteger","configurable":false,"required":false}},"kind":"collectionType"},"modelType":"contentType","modelName":"api-token","connection":"default","uid":"admin::api-token","plugin":"admin","globalId":"AdminApiToken"},"admin::api-token-permission":{"collectionName":"strapi_api_token_permissions","info":{"name":"API Token Permission","description":"","singularName":"api-token-permission","pluralName":"api-token-permissions","displayName":"API Token Permission"},"options":{},"pluginOptions":{"content-manager":{"visible":false},"content-type-builder":{"visible":false}},"attributes":{"action":{"type":"string","minLength":1,"configurable":false,"required":true},"token":{"configurable":false,"type":"relation","relation":"manyToOne","inversedBy":"permissions","target":"admin::api-token"},"createdAt":{"type":"datetime"},"updatedAt":{"type":"datetime"},"createdBy":{"type":"relation","relation":"oneToOne","target":"admin::user","configurable":false,"writable":false,"visible":false,"useJoinTable":false,"private":true},"updatedBy":{"type":"relation","relation":"oneToOne","target":"admin::user","configurable":false,"writable":false,"visible":false,"useJoinTable":false,"private":true}},"kind":"collectionType","__schema__":{"collectionName":"strapi_api_token_permissions","info":{"name":"API Token Permission","description":"","singularName":"api-token-permission","pluralName":"api-token-permissions","displayName":"API Token Permission"},"options":{},"pluginOptions":{"content-manager":{"visible":false},"content-type-builder":{"visible":false}},"attributes":{"action":{"type":"string","minLength":1,"configurable":false,"required":true},"token":{"configurable":false,"type":"relation","relation":"manyToOne","inversedBy":"permissions","target":"admin::api-token"}},"kind":"collectionType"},"modelType":"contentType","modelName":"api-token-permission","connection":"default","uid":"admin::api-token-permission","plugin":"admin","globalId":"AdminApiTokenPermission"},"plugin::upload.file":{"collectionName":"files","info":{"singularName":"file","pluralName":"files","displayName":"File","description":""},"options":{},"pluginOptions":{"content-manager":{"visible":false},"content-type-builder":{"visible":false}},"attributes":{"name":{"type":"string","configurable":false,"required":true},"alternativeText":{"type":"string","configurable":false},"caption":{"type":"string","configurable":false},"width":{"type":"integer","configurable":false},"height":{"type":"integer","configurable":false},"formats":{"type":"json","configurable":false},"hash":{"type":"string","configurable":false,"required":true},"ext":{"type":"string","configurable":false},"mime":{"type":"string","configurable":false,"required":true},"size":{"type":"decimal","configurable":false,"required":true},"url":{"type":"string","configurable":false,"required":true},"previewUrl":{"type":"string","configurable":false},"provider":{"type":"string","configurable":false,"required":true},"provider_metadata":{"type":"json","configurable":false},"related":{"type":"relation","relation":"morphToMany","configurable":false},"folder":{"type":"relation","relation":"manyToOne","target":"plugin::upload.folder","inversedBy":"files","private":true},"folderPath":{"type":"string","min":1,"required":true,"private":true},"createdAt":{"type":"datetime"},"updatedAt":{"type":"datetime"},"createdBy":{"type":"relation","relation":"oneToOne","target":"admin::user","configurable":false,"writable":false,"visible":false,"useJoinTable":false,"private":true},"updatedBy":{"type":"relation","relation":"oneToOne","target":"admin::user","configurable":false,"writable":false,"visible":false,"useJoinTable":false,"private":true}},"indexes":[{"name":"upload_files_folder_path_index","columns":["folder_path"],"type":null},{"name":"upload_files_created_at_index","columns":["created_at"],"type":null},{"name":"upload_files_updated_at_index","columns":["updated_at"],"type":null},{"name":"upload_files_name_index","columns":["name"],"type":null},{"name":"upload_files_size_index","columns":["size"],"type":null},{"name":"upload_files_ext_index","columns":["ext"],"type":null}],"kind":"collectionType","__schema__":{"collectionName":"files","info":{"singularName":"file","pluralName":"files","displayName":"File","description":""},"options":{},"pluginOptions":{"content-manager":{"visible":false},"content-type-builder":{"visible":false}},"attributes":{"name":{"type":"string","configurable":false,"required":true},"alternativeText":{"type":"string","configurable":false},"caption":{"type":"string","configurable":false},"width":{"type":"integer","configurable":false},"height":{"type":"integer","configurable":false},"formats":{"type":"json","configurable":false},"hash":{"type":"string","configurable":false,"required":true},"ext":{"type":"string","configurable":false},"mime":{"type":"string","configurable":false,"required":true},"size":{"type":"decimal","configurable":false,"required":true},"url":{"type":"string","configurable":false,"required":true},"previewUrl":{"type":"string","configurable":false},"provider":{"type":"string","configurable":false,"required":true},"provider_metadata":{"type":"json","configurable":false},"related":{"type":"relation","relation":"morphToMany","configurable":false},"folder":{"type":"relation","relation":"manyToOne","target":"plugin::upload.folder","inversedBy":"files","private":true},"folderPath":{"type":"string","min":1,"required":true,"private":true}},"kind":"collectionType"},"modelType":"contentType","modelName":"file","connection":"default","uid":"plugin::upload.file","plugin":"upload","globalId":"UploadFile"},"plugin::upload.folder":{"collectionName":"upload_folders","info":{"singularName":"folder","pluralName":"folders","displayName":"Folder"},"options":{},"pluginOptions":{"content-manager":{"visible":false},"content-type-builder":{"visible":false}},"attributes":{"name":{"type":"string","min":1,"required":true},"pathId":{"type":"integer","unique":true,"required":true},"parent":{"type":"relation","relation":"manyToOne","target":"plugin::upload.folder","inversedBy":"children"},"children":{"type":"relation","relation":"oneToMany","target":"plugin::upload.folder","mappedBy":"parent"},"files":{"type":"relation","relation":"oneToMany","target":"plugin::upload.file","mappedBy":"folder"},"path":{"type":"string","min":1,"required":true},"createdAt":{"type":"datetime"},"updatedAt":{"type":"datetime"},"createdBy":{"type":"relation","relation":"oneToOne","target":"admin::user","configurable":false,"writable":false,"visible":false,"useJoinTable":false,"private":true},"updatedBy":{"type":"relation","relation":"oneToOne","target":"admin::user","configurable":false,"writable":false,"visible":false,"useJoinTable":false,"private":true}},"indexes":[{"name":"upload_folders_path_id_index","columns":["path_id"],"type":"unique"},{"name":"upload_folders_path_index","columns":["path"],"type":"unique"}],"kind":"collectionType","__schema__":{"collectionName":"upload_folders","info":{"singularName":"folder","pluralName":"folders","displayName":"Folder"},"options":{},"pluginOptions":{"content-manager":{"visible":false},"content-type-builder":{"visible":false}},"attributes":{"name":{"type":"string","min":1,"required":true},"pathId":{"type":"integer","unique":true,"required":true},"parent":{"type":"relation","relation":"manyToOne","target":"plugin::upload.folder","inversedBy":"children"},"children":{"type":"relation","relation":"oneToMany","target":"plugin::upload.folder","mappedBy":"parent"},"files":{"type":"relation","relation":"oneToMany","target":"plugin::upload.file","mappedBy":"folder"},"path":{"type":"string","min":1,"required":true}},"kind":"collectionType"},"modelType":"contentType","modelName":"folder","connection":"default","uid":"plugin::upload.folder","plugin":"upload","globalId":"UploadFolder"},"plugin::users-permissions.permission":{"collectionName":"up_permissions","info":{"name":"permission","description":"","singularName":"permission","pluralName":"permissions","displayName":"Permission"},"pluginOptions":{"content-manager":{"visible":false},"content-type-builder":{"visible":false}},"attributes":{"action":{"type":"string","required":true,"configurable":false},"role":{"type":"relation","relation":"manyToOne","target":"plugin::users-permissions.role","inversedBy":"permissions","configurable":false},"createdAt":{"type":"datetime"},"updatedAt":{"type":"datetime"},"createdBy":{"type":"relation","relation":"oneToOne","target":"admin::user","configurable":false,"writable":false,"visible":false,"useJoinTable":false,"private":true},"updatedBy":{"type":"relation","relation":"oneToOne","target":"admin::user","configurable":false,"writable":false,"visible":false,"useJoinTable":false,"private":true}},"kind":"collectionType","__schema__":{"collectionName":"up_permissions","info":{"name":"permission","description":"","singularName":"permission","pluralName":"permissions","displayName":"Permission"},"pluginOptions":{"content-manager":{"visible":false},"content-type-builder":{"visible":false}},"attributes":{"action":{"type":"string","required":true,"configurable":false},"role":{"type":"relation","relation":"manyToOne","target":"plugin::users-permissions.role","inversedBy":"permissions","configurable":false}},"kind":"collectionType"},"modelType":"contentType","modelName":"permission","connection":"default","uid":"plugin::users-permissions.permission","plugin":"users-permissions","globalId":"UsersPermissionsPermission"},"plugin::users-permissions.role":{"collectionName":"up_roles","info":{"name":"role","description":"","singularName":"role","pluralName":"roles","displayName":"Role"},"pluginOptions":{"content-manager":{"visible":false},"content-type-builder":{"visible":false}},"attributes":{"name":{"type":"string","minLength":3,"required":true,"configurable":false},"description":{"type":"string","configurable":false},"type":{"type":"string","unique":true,"configurable":false},"permissions":{"type":"relation","relation":"oneToMany","target":"plugin::users-permissions.permission","mappedBy":"role","configurable":false},"users":{"type":"relation","relation":"oneToMany","target":"plugin::users-permissions.user","mappedBy":"role","configurable":false},"createdAt":{"type":"datetime"},"updatedAt":{"type":"datetime"},"createdBy":{"type":"relation","relation":"oneToOne","target":"admin::user","configurable":false,"writable":false,"visible":false,"useJoinTable":false,"private":true},"updatedBy":{"type":"relation","relation":"oneToOne","target":"admin::user","configurable":false,"writable":false,"visible":false,"useJoinTable":false,"private":true}},"kind":"collectionType","__schema__":{"collectionName":"up_roles","info":{"name":"role","description":"","singularName":"role","pluralName":"roles","displayName":"Role"},"pluginOptions":{"content-manager":{"visible":false},"content-type-builder":{"visible":false}},"attributes":{"name":{"type":"string","minLength":3,"required":true,"configurable":false},"description":{"type":"string","configurable":false},"type":{"type":"string","unique":true,"configurable":false},"permissions":{"type":"relation","relation":"oneToMany","target":"plugin::users-permissions.permission","mappedBy":"role","configurable":false},"users":{"type":"relation","relation":"oneToMany","target":"plugin::users-permissions.user","mappedBy":"role","configurable":false}},"kind":"collectionType"},"modelType":"contentType","modelName":"role","connection":"default","uid":"plugin::users-permissions.role","plugin":"users-permissions","globalId":"UsersPermissionsRole"},"plugin::users-permissions.user":{"collectionName":"up_users","info":{"name":"user","description":"","singularName":"user","pluralName":"users","displayName":"User"},"options":{"draftAndPublish":false,"timestamps":true},"attributes":{"username":{"type":"string","minLength":3,"unique":true,"configurable":false,"required":true},"email":{"type":"email","minLength":6,"configurable":false,"required":true},"provider":{"type":"string","configurable":false},"password":{"type":"password","minLength":6,"configurable":false,"private":true},"resetPasswordToken":{"type":"string","configurable":false,"private":true},"confirmationToken":{"type":"string","configurable":false,"private":true},"confirmed":{"type":"boolean","default":false,"configurable":false},"blocked":{"type":"boolean","default":false,"configurable":false},"role":{"type":"relation","relation":"manyToOne","target":"plugin::users-permissions.role","inversedBy":"users","configurable":false},"createdAt":{"type":"datetime"},"updatedAt":{"type":"datetime"},"createdBy":{"type":"relation","relation":"oneToOne","target":"admin::user","configurable":false,"writable":false,"visible":false,"useJoinTable":false,"private":true},"updatedBy":{"type":"relation","relation":"oneToOne","target":"admin::user","configurable":false,"writable":false,"visible":false,"useJoinTable":false,"private":true}},"config":{"attributes":{"resetPasswordToken":{"hidden":true},"confirmationToken":{"hidden":true},"provider":{"hidden":true}}},"kind":"collectionType","__schema__":{"collectionName":"up_users","info":{"name":"user","description":"","singularName":"user","pluralName":"users","displayName":"User"},"options":{"draftAndPublish":false,"timestamps":true},"attributes":{"username":{"type":"string","minLength":3,"unique":true,"configurable":false,"required":true},"email":{"type":"email","minLength":6,"configurable":false,"required":true},"provider":{"type":"string","configurable":false},"password":{"type":"password","minLength":6,"configurable":false,"private":true},"resetPasswordToken":{"type":"string","configurable":false,"private":true},"confirmationToken":{"type":"string","configurable":false,"private":true},"confirmed":{"type":"boolean","default":false,"configurable":false},"blocked":{"type":"boolean","default":false,"configurable":false},"role":{"type":"relation","relation":"manyToOne","target":"plugin::users-permissions.role","inversedBy":"users","configurable":false}},"kind":"collectionType"},"modelType":"contentType","modelName":"user","connection":"default","uid":"plugin::users-permissions.user","plugin":"users-permissions","globalId":"UsersPermissionsUser"},"plugin::i18n.locale":{"info":{"singularName":"locale","pluralName":"locales","collectionName":"locales","displayName":"Locale","description":""},"options":{"draftAndPublish":false},"pluginOptions":{"content-manager":{"visible":false},"content-type-builder":{"visible":false}},"attributes":{"name":{"type":"string","min":1,"max":50,"configurable":false},"code":{"type":"string","unique":true,"configurable":false},"createdAt":{"type":"datetime"},"updatedAt":{"type":"datetime"},"createdBy":{"type":"relation","relation":"oneToOne","target":"admin::user","configurable":false,"writable":false,"visible":false,"useJoinTable":false,"private":true},"updatedBy":{"type":"relation","relation":"oneToOne","target":"admin::user","configurable":false,"writable":false,"visible":false,"useJoinTable":false,"private":true}},"kind":"collectionType","__schema__":{"info":{"singularName":"locale","pluralName":"locales","collectionName":"locales","displayName":"Locale","description":""},"options":{"draftAndPublish":false},"pluginOptions":{"content-manager":{"visible":false},"content-type-builder":{"visible":false}},"attributes":{"name":{"type":"string","min":1,"max":50,"configurable":false},"code":{"type":"string","unique":true,"configurable":false}},"kind":"collectionType"},"modelType":"contentType","modelName":"locale","connection":"default","uid":"plugin::i18n.locale","plugin":"i18n","collectionName":"i18n_locale","globalId":"I18NLocale"},"api::g-account.g-account":{"kind":"collectionType","collectionName":"g_accounts","info":{"singularName":"g-account","pluralName":"g-accounts","displayName":"g_account","description":""},"options":{"draftAndPublish":false},"pluginOptions":{},"attributes":{"user_name":{"type":"email","required":true,"unique":true},"pass":{"type":"password","required":true,"maxLength":11,"minLength":8},"is_member":{"type":"boolean","default":false},"createdAt":{"type":"datetime"},"updatedAt":{"type":"datetime"},"createdBy":{"type":"relation","relation":"oneToOne","target":"admin::user","configurable":false,"writable":false,"visible":false,"useJoinTable":false,"private":true},"updatedBy":{"type":"relation","relation":"oneToOne","target":"admin::user","configurable":false,"writable":false,"visible":false,"useJoinTable":false,"private":true}},"__schema__":{"collectionName":"g_accounts","info":{"singularName":"g-account","pluralName":"g-accounts","displayName":"g_account","description":""},"options":{"draftAndPublish":false},"pluginOptions":{},"attributes":{"user_name":{"type":"email","required":true,"unique":true},"pass":{"type":"password","required":true,"maxLength":11,"minLength":8},"is_member":{"type":"boolean","default":false}},"kind":"collectionType"},"modelType":"contentType","modelName":"g-account","connection":"default","uid":"api::g-account.g-account","apiName":"g-account","globalId":"GAccount","actions":{},"lifecycles":{}},"api::g-character.g-character":{"kind":"collectionType","collectionName":"g_characters","info":{"singularName":"g-character","pluralName":"g-characters","displayName":"g_character","description":""},"options":{"draftAndPublish":false},"pluginOptions":{},"attributes":{"name":{"type":"string","required":true,"maxLength":15},"localtion":{"type":"integer"},"max_hp":{"type":"integer","required":false,"default":200},"current_exp":{"type":"biginteger","default":"0","required":false},"gold":{"type":"biginteger","default":"0"},"lvl":{"type":"integer","default":1},"point":{"type":"integer","default":0},"current_hp":{"type":"integer","default":200},"acc_id":{"type":"integer","required":true},"current_atk":{"type":"integer","default":10},"current_def":{"type":"integer","default":10},"current_dex":{"type":"integer","default":10},"createdAt":{"type":"datetime"},"updatedAt":{"type":"datetime"},"createdBy":{"type":"relation","relation":"oneToOne","target":"admin::user","configurable":false,"writable":false,"visible":false,"useJoinTable":false,"private":true},"updatedBy":{"type":"relation","relation":"oneToOne","target":"admin::user","configurable":false,"writable":false,"visible":false,"useJoinTable":false,"private":true}},"__schema__":{"collectionName":"g_characters","info":{"singularName":"g-character","pluralName":"g-characters","displayName":"g_character","description":""},"options":{"draftAndPublish":false},"pluginOptions":{},"attributes":{"name":{"type":"string","required":true,"maxLength":15},"localtion":{"type":"integer"},"max_hp":{"type":"integer","required":false,"default":200},"current_exp":{"type":"biginteger","default":"0","required":false},"gold":{"type":"biginteger","default":"0"},"lvl":{"type":"integer","default":1},"point":{"type":"integer","default":0},"current_hp":{"type":"integer","default":200},"acc_id":{"type":"integer","required":true},"current_atk":{"type":"integer","default":10},"current_def":{"type":"integer","default":10},"current_dex":{"type":"integer","default":10}},"kind":"collectionType"},"modelType":"contentType","modelName":"g-character","connection":"default","uid":"api::g-character.g-character","apiName":"g-character","globalId":"GCharacter","actions":{},"lifecycles":{}},"api::g-travel.g-travel":{"kind":"collectionType","collectionName":"g_travels","info":{"singularName":"g-travel","pluralName":"g-travels","displayName":"g_travel"},"options":{"draftAndPublish":false},"pluginOptions":{},"attributes":{"Text":{"type":"text","required":true},"createdAt":{"type":"datetime"},"updatedAt":{"type":"datetime"},"createdBy":{"type":"relation","relation":"oneToOne","target":"admin::user","configurable":false,"writable":false,"visible":false,"useJoinTable":false,"private":true},"updatedBy":{"type":"relation","relation":"oneToOne","target":"admin::user","configurable":false,"writable":false,"visible":false,"useJoinTable":false,"private":true}},"__schema__":{"collectionName":"g_travels","info":{"singularName":"g-travel","pluralName":"g-travels","displayName":"g_travel"},"options":{"draftAndPublish":false},"pluginOptions":{},"attributes":{"Text":{"type":"text","required":true}},"kind":"collectionType"},"modelType":"contentType","modelName":"g-travel","connection":"default","uid":"api::g-travel.g-travel","apiName":"g-travel","globalId":"GTravel","actions":{},"lifecycles":{}}}', 'object', NULL, NULL);
INSERT INTO public.strapi_core_store_settings VALUES (8, 'plugin_content_manager_configuration_content_types::plugin::users-permissions.role', '{"uid":"plugin::users-permissions.role","settings":{"bulkable":true,"filterable":true,"searchable":true,"pageSize":10,"mainField":"name","defaultSortBy":"name","defaultSortOrder":"ASC"},"metadatas":{"id":{"edit":{},"list":{"label":"id","searchable":true,"sortable":true}},"name":{"edit":{"label":"name","description":"","placeholder":"","visible":true,"editable":true},"list":{"label":"name","searchable":true,"sortable":true}},"description":{"edit":{"label":"description","description":"","placeholder":"","visible":true,"editable":true},"list":{"label":"description","searchable":true,"sortable":true}},"type":{"edit":{"label":"type","description":"","placeholder":"","visible":true,"editable":true},"list":{"label":"type","searchable":true,"sortable":true}},"permissions":{"edit":{"label":"permissions","description":"","placeholder":"","visible":true,"editable":true,"mainField":"action"},"list":{"label":"permissions","searchable":false,"sortable":false}},"users":{"edit":{"label":"users","description":"","placeholder":"","visible":true,"editable":true,"mainField":"username"},"list":{"label":"users","searchable":false,"sortable":false}},"createdAt":{"edit":{"label":"createdAt","description":"","placeholder":"","visible":false,"editable":true},"list":{"label":"createdAt","searchable":true,"sortable":true}},"updatedAt":{"edit":{"label":"updatedAt","description":"","placeholder":"","visible":false,"editable":true},"list":{"label":"updatedAt","searchable":true,"sortable":true}}},"layouts":{"list":["id","name","description","type"],"edit":[[{"name":"name","size":6},{"name":"description","size":6}],[{"name":"type","size":6},{"name":"permissions","size":6}],[{"name":"users","size":6}]]}}', 'object', NULL, NULL);
INSERT INTO public.strapi_core_store_settings VALUES (11, 'plugin_content_manager_configuration_content_types::admin::user', '{"uid":"admin::user","settings":{"bulkable":true,"filterable":true,"searchable":true,"pageSize":10,"mainField":"firstname","defaultSortBy":"firstname","defaultSortOrder":"ASC"},"metadatas":{"id":{"edit":{},"list":{"label":"id","searchable":true,"sortable":true}},"firstname":{"edit":{"label":"firstname","description":"","placeholder":"","visible":true,"editable":true},"list":{"label":"firstname","searchable":true,"sortable":true}},"lastname":{"edit":{"label":"lastname","description":"","placeholder":"","visible":true,"editable":true},"list":{"label":"lastname","searchable":true,"sortable":true}},"username":{"edit":{"label":"username","description":"","placeholder":"","visible":true,"editable":true},"list":{"label":"username","searchable":true,"sortable":true}},"email":{"edit":{"label":"email","description":"","placeholder":"","visible":true,"editable":true},"list":{"label":"email","searchable":true,"sortable":true}},"password":{"edit":{"label":"password","description":"","placeholder":"","visible":true,"editable":true},"list":{"label":"password","searchable":true,"sortable":true}},"resetPasswordToken":{"edit":{"label":"resetPasswordToken","description":"","placeholder":"","visible":true,"editable":true},"list":{"label":"resetPasswordToken","searchable":true,"sortable":true}},"registrationToken":{"edit":{"label":"registrationToken","description":"","placeholder":"","visible":true,"editable":true},"list":{"label":"registrationToken","searchable":true,"sortable":true}},"isActive":{"edit":{"label":"isActive","description":"","placeholder":"","visible":true,"editable":true},"list":{"label":"isActive","searchable":true,"sortable":true}},"roles":{"edit":{"label":"roles","description":"","placeholder":"","visible":true,"editable":true,"mainField":"name"},"list":{"label":"roles","searchable":false,"sortable":false}},"blocked":{"edit":{"label":"blocked","description":"","placeholder":"","visible":true,"editable":true},"list":{"label":"blocked","searchable":true,"sortable":true}},"preferedLanguage":{"edit":{"label":"preferedLanguage","description":"","placeholder":"","visible":true,"editable":true},"list":{"label":"preferedLanguage","searchable":true,"sortable":true}},"createdAt":{"edit":{"label":"createdAt","description":"","placeholder":"","visible":false,"editable":true},"list":{"label":"createdAt","searchable":true,"sortable":true}},"updatedAt":{"edit":{"label":"updatedAt","description":"","placeholder":"","visible":false,"editable":true},"list":{"label":"updatedAt","searchable":true,"sortable":true}}},"layouts":{"list":["id","firstname","lastname","username"],"edit":[[{"name":"firstname","size":6},{"name":"lastname","size":6}],[{"name":"username","size":6},{"name":"email","size":6}],[{"name":"password","size":6},{"name":"resetPasswordToken","size":6}],[{"name":"registrationToken","size":6},{"name":"isActive","size":4}],[{"name":"roles","size":6},{"name":"blocked","size":4}],[{"name":"preferedLanguage","size":6}]]}}', 'object', NULL, NULL);
INSERT INTO public.strapi_core_store_settings VALUES (9, 'plugin_content_manager_configuration_content_types::plugin::users-permissions.user', '{"uid":"plugin::users-permissions.user","settings":{"bulkable":true,"filterable":true,"searchable":true,"pageSize":10,"mainField":"username","defaultSortBy":"username","defaultSortOrder":"ASC"},"metadatas":{"id":{"edit":{},"list":{"label":"id","searchable":true,"sortable":true}},"username":{"edit":{"label":"username","description":"","placeholder":"","visible":true,"editable":true},"list":{"label":"username","searchable":true,"sortable":true}},"email":{"edit":{"label":"email","description":"","placeholder":"","visible":true,"editable":true},"list":{"label":"email","searchable":true,"sortable":true}},"provider":{"edit":{"label":"provider","description":"","placeholder":"","visible":false,"editable":true},"list":{"label":"provider","searchable":true,"sortable":true}},"password":{"edit":{"label":"password","description":"","placeholder":"","visible":true,"editable":true},"list":{"label":"password","searchable":true,"sortable":true}},"resetPasswordToken":{"edit":{"label":"resetPasswordToken","description":"","placeholder":"","visible":false,"editable":true},"list":{"label":"resetPasswordToken","searchable":true,"sortable":true}},"confirmationToken":{"edit":{"label":"confirmationToken","description":"","placeholder":"","visible":false,"editable":true},"list":{"label":"confirmationToken","searchable":true,"sortable":true}},"confirmed":{"edit":{"label":"confirmed","description":"","placeholder":"","visible":true,"editable":true},"list":{"label":"confirmed","searchable":true,"sortable":true}},"blocked":{"edit":{"label":"blocked","description":"","placeholder":"","visible":true,"editable":true},"list":{"label":"blocked","searchable":true,"sortable":true}},"role":{"edit":{"label":"role","description":"","placeholder":"","visible":true,"editable":true,"mainField":"name"},"list":{"label":"role","searchable":true,"sortable":true}},"createdAt":{"edit":{"label":"createdAt","description":"","placeholder":"","visible":false,"editable":true},"list":{"label":"createdAt","searchable":true,"sortable":true}},"updatedAt":{"edit":{"label":"updatedAt","description":"","placeholder":"","visible":false,"editable":true},"list":{"label":"updatedAt","searchable":true,"sortable":true}}},"layouts":{"list":["id","username","email","confirmed"],"edit":[[{"name":"username","size":6},{"name":"email","size":6}],[{"name":"password","size":6},{"name":"confirmed","size":4}],[{"name":"blocked","size":4},{"name":"role","size":6}]]}}', 'object', NULL, NULL);
INSERT INTO public.strapi_core_store_settings VALUES (12, 'plugin_content_manager_configuration_content_types::admin::role', '{"uid":"admin::role","settings":{"bulkable":true,"filterable":true,"searchable":true,"pageSize":10,"mainField":"name","defaultSortBy":"name","defaultSortOrder":"ASC"},"metadatas":{"id":{"edit":{},"list":{"label":"id","searchable":true,"sortable":true}},"name":{"edit":{"label":"name","description":"","placeholder":"","visible":true,"editable":true},"list":{"label":"name","searchable":true,"sortable":true}},"code":{"edit":{"label":"code","description":"","placeholder":"","visible":true,"editable":true},"list":{"label":"code","searchable":true,"sortable":true}},"description":{"edit":{"label":"description","description":"","placeholder":"","visible":true,"editable":true},"list":{"label":"description","searchable":true,"sortable":true}},"users":{"edit":{"label":"users","description":"","placeholder":"","visible":true,"editable":true,"mainField":"firstname"},"list":{"label":"users","searchable":false,"sortable":false}},"permissions":{"edit":{"label":"permissions","description":"","placeholder":"","visible":true,"editable":true,"mainField":"action"},"list":{"label":"permissions","searchable":false,"sortable":false}},"createdAt":{"edit":{"label":"createdAt","description":"","placeholder":"","visible":false,"editable":true},"list":{"label":"createdAt","searchable":true,"sortable":true}},"updatedAt":{"edit":{"label":"updatedAt","description":"","placeholder":"","visible":false,"editable":true},"list":{"label":"updatedAt","searchable":true,"sortable":true}}},"layouts":{"list":["id","name","code","description"],"edit":[[{"name":"name","size":6},{"name":"code","size":6}],[{"name":"description","size":6},{"name":"users","size":6}],[{"name":"permissions","size":6}]]}}', 'object', NULL, NULL);
INSERT INTO public.strapi_core_store_settings VALUES (13, 'plugin_upload_settings', '{"sizeOptimization":true,"responsiveDimensions":true,"autoOrientation":false}', 'object', NULL, NULL);
INSERT INTO public.strapi_core_store_settings VALUES (14, 'plugin_upload_view_configuration', '{"pageSize":10,"sort":"createdAt:DESC"}', 'object', NULL, NULL);
INSERT INTO public.strapi_core_store_settings VALUES (16, 'plugin_users-permissions_grant', '{"email":{"enabled":true,"icon":"envelope"},"discord":{"enabled":false,"icon":"discord","key":"","secret":"","callback":"api/auth/discord/callback","scope":["identify","email"]},"facebook":{"enabled":false,"icon":"facebook-square","key":"","secret":"","callback":"api/auth/facebook/callback","scope":["email"]},"google":{"enabled":false,"icon":"google","key":"","secret":"","callback":"api/auth/google/callback","scope":["email"]},"github":{"enabled":false,"icon":"github","key":"","secret":"","callback":"api/auth/github/callback","scope":["user","user:email"]},"microsoft":{"enabled":false,"icon":"windows","key":"","secret":"","callback":"api/auth/microsoft/callback","scope":["user.read"]},"twitter":{"enabled":false,"icon":"twitter","key":"","secret":"","callback":"api/auth/twitter/callback"},"instagram":{"enabled":false,"icon":"instagram","key":"","secret":"","callback":"api/auth/instagram/callback","scope":["user_profile"]},"vk":{"enabled":false,"icon":"vk","key":"","secret":"","callback":"api/auth/vk/callback","scope":["email"]},"twitch":{"enabled":false,"icon":"twitch","key":"","secret":"","callback":"api/auth/twitch/callback","scope":["user:read:email"]},"linkedin":{"enabled":false,"icon":"linkedin","key":"","secret":"","callback":"api/auth/linkedin/callback","scope":["r_liteprofile","r_emailaddress"]},"cognito":{"enabled":false,"icon":"aws","key":"","secret":"","subdomain":"my.subdomain.com","callback":"api/auth/cognito/callback","scope":["email","openid","profile"]},"reddit":{"enabled":false,"icon":"reddit","key":"","secret":"","state":true,"callback":"api/auth/reddit/callback","scope":["identity"]},"auth0":{"enabled":false,"icon":"","key":"","secret":"","subdomain":"my-tenant.eu","callback":"api/auth/auth0/callback","scope":["openid","email","profile"]},"cas":{"enabled":false,"icon":"book","key":"","secret":"","callback":"api/auth/cas/callback","scope":["openid email"],"subdomain":"my.subdomain.com/cas"}}', 'object', NULL, NULL);
INSERT INTO public.strapi_core_store_settings VALUES (17, 'plugin_users-permissions_email', '{"reset_password":{"display":"Email.template.reset_password","icon":"sync","options":{"from":{"name":"Administration Panel","email":"no-reply@strapi.io"},"response_email":"","object":"Reset password","message":"<p>We heard that you lost your password. Sorry about that!</p>\n\n<p>But dont worry! You can use the following link to reset your password:</p>\n<p><%= URL %>?code=<%= TOKEN %></p>\n\n<p>Thanks.</p>"}},"email_confirmation":{"display":"Email.template.email_confirmation","icon":"check-square","options":{"from":{"name":"Administration Panel","email":"no-reply@strapi.io"},"response_email":"","object":"Account confirmation","message":"<p>Thank you for registering!</p>\n\n<p>You have to confirm your email address. Please click on the link below.</p>\n\n<p><%= URL %>?confirmation=<%= CODE %></p>\n\n<p>Thanks.</p>"}}}', 'object', NULL, NULL);
INSERT INTO public.strapi_core_store_settings VALUES (18, 'plugin_users-permissions_advanced', '{"unique_email":true,"allow_register":true,"email_confirmation":false,"email_reset_password":null,"email_confirmation_redirection":null,"default_role":"authenticated"}', 'object', NULL, NULL);
INSERT INTO public.strapi_core_store_settings VALUES (15, 'plugin_upload_metrics', '{"weeklySchedule":"46 46 23 * * 3","lastWeeklyUpdate":1674665206032}', 'object', NULL, NULL);
INSERT INTO public.strapi_core_store_settings VALUES (10, 'plugin_content_manager_configuration_content_types::plugin::i18n.locale', '{"uid":"plugin::i18n.locale","settings":{"bulkable":true,"filterable":true,"searchable":true,"pageSize":10,"mainField":"name","defaultSortBy":"name","defaultSortOrder":"ASC"},"metadatas":{"id":{"edit":{},"list":{"label":"id","searchable":true,"sortable":true}},"name":{"edit":{"label":"name","description":"","placeholder":"","visible":true,"editable":true},"list":{"label":"name","searchable":true,"sortable":true}},"code":{"edit":{"label":"code","description":"","placeholder":"","visible":true,"editable":true},"list":{"label":"code","searchable":true,"sortable":true}},"createdAt":{"edit":{"label":"createdAt","description":"","placeholder":"","visible":false,"editable":true},"list":{"label":"createdAt","searchable":true,"sortable":true}},"updatedAt":{"edit":{"label":"updatedAt","description":"","placeholder":"","visible":false,"editable":true},"list":{"label":"updatedAt","searchable":true,"sortable":true}}},"layouts":{"list":["id","name","code","createdAt"],"edit":[[{"name":"name","size":6},{"name":"code","size":6}]]}}', 'object', NULL, NULL);
INSERT INTO public.strapi_core_store_settings VALUES (19, 'plugin_i18n_default_locale', '"en"', 'string', NULL, NULL);
INSERT INTO public.strapi_core_store_settings VALUES (20, 'core_admin_auth', '{"providers":{"autoRegister":false,"defaultRole":null}}', 'object', NULL, NULL);
INSERT INTO public.strapi_core_store_settings VALUES (23, 'plugin_content_manager_configuration_content_types::api::g-character.g-character', '{"uid":"api::g-character.g-character","settings":{"bulkable":true,"filterable":true,"searchable":true,"pageSize":10,"mainField":"name","defaultSortBy":"name","defaultSortOrder":"ASC"},"metadatas":{"id":{"edit":{},"list":{"label":"id","searchable":true,"sortable":true}},"name":{"edit":{"label":"name","description":"","placeholder":"","visible":true,"editable":true},"list":{"label":"name","searchable":true,"sortable":true}},"localtion":{"edit":{"label":"localtion","description":"","placeholder":"","visible":true,"editable":true},"list":{"label":"localtion","searchable":true,"sortable":true}},"max_hp":{"edit":{"label":"max_hp","description":"","placeholder":"","visible":true,"editable":true},"list":{"label":"max_hp","searchable":true,"sortable":true}},"current_exp":{"edit":{"label":"current_exp","description":"","placeholder":"","visible":true,"editable":true},"list":{"label":"current_exp","searchable":true,"sortable":true}},"gold":{"edit":{"label":"gold","description":"","placeholder":"","visible":true,"editable":true},"list":{"label":"gold","searchable":true,"sortable":true}},"lvl":{"edit":{"label":"lvl","description":"","placeholder":"","visible":true,"editable":true},"list":{"label":"lvl","searchable":true,"sortable":true}},"point":{"edit":{"label":"point","description":"","placeholder":"","visible":true,"editable":true},"list":{"label":"point","searchable":true,"sortable":true}},"current_hp":{"edit":{"label":"current_hp","description":"","placeholder":"","visible":true,"editable":true},"list":{"label":"current_hp","searchable":true,"sortable":true}},"acc_id":{"edit":{"label":"acc_id","description":"","placeholder":"","visible":true,"editable":true},"list":{"label":"acc_id","searchable":true,"sortable":true}},"current_atk":{"edit":{"label":"current_atk","description":"","placeholder":"","visible":true,"editable":true},"list":{"label":"current_atk","searchable":true,"sortable":true}},"current_def":{"edit":{"label":"current_def","description":"","placeholder":"","visible":true,"editable":true},"list":{"label":"current_def","searchable":true,"sortable":true}},"current_dex":{"edit":{"label":"current_dex","description":"","placeholder":"","visible":true,"editable":true},"list":{"label":"current_dex","searchable":true,"sortable":true}},"createdAt":{"edit":{"label":"createdAt","description":"","placeholder":"","visible":false,"editable":true},"list":{"label":"createdAt","searchable":true,"sortable":true}},"updatedAt":{"edit":{"label":"updatedAt","description":"","placeholder":"","visible":false,"editable":true},"list":{"label":"updatedAt","searchable":true,"sortable":true}}},"layouts":{"edit":[[{"name":"name","size":6}],[{"name":"localtion","size":4}],[{"name":"gold","size":4},{"name":"lvl","size":4}],[{"name":"point","size":4},{"name":"max_hp","size":4},{"name":"current_exp","size":4}],[{"name":"current_hp","size":4},{"name":"acc_id","size":4},{"name":"current_atk","size":4}],[{"name":"current_def","size":4},{"name":"current_dex","size":4}]],"list":["id","name","gold","lvl","current_exp","localtion","createdAt"]}}', 'object', NULL, NULL);
INSERT INTO public.strapi_core_store_settings VALUES (22, 'plugin_content_manager_configuration_content_types::api::g-travel.g-travel', '{"uid":"api::g-travel.g-travel","settings":{"bulkable":true,"filterable":true,"searchable":true,"pageSize":10,"mainField":"id","defaultSortBy":"id","defaultSortOrder":"ASC"},"metadatas":{"id":{"edit":{},"list":{"label":"id","searchable":true,"sortable":true}},"Text":{"edit":{"label":"Text","description":"","placeholder":"","visible":true,"editable":true},"list":{"label":"Text","searchable":true,"sortable":true}},"createdAt":{"edit":{"label":"createdAt","description":"","placeholder":"","visible":false,"editable":true},"list":{"label":"createdAt","searchable":true,"sortable":true}},"updatedAt":{"edit":{"label":"updatedAt","description":"","placeholder":"","visible":false,"editable":true},"list":{"label":"updatedAt","searchable":true,"sortable":true}}},"layouts":{"list":["id","Text","createdAt","updatedAt"],"edit":[[{"name":"Text","size":6}]]}}', 'object', NULL, NULL);
INSERT INTO public.strapi_core_store_settings VALUES (24, 'plugin_content_manager_configuration_content_types::api::g-account.g-account', '{"uid":"api::g-account.g-account","settings":{"bulkable":true,"filterable":true,"searchable":true,"pageSize":10,"mainField":"id","defaultSortBy":"id","defaultSortOrder":"ASC"},"metadatas":{"id":{"edit":{},"list":{"label":"id","searchable":true,"sortable":true}},"user_name":{"edit":{"label":"user_name","description":"","placeholder":"","visible":true,"editable":true},"list":{"label":"user_name","searchable":true,"sortable":true}},"pass":{"edit":{"label":"pass","description":"","placeholder":"","visible":true,"editable":true},"list":{"label":"pass","searchable":true,"sortable":true}},"is_member":{"edit":{"label":"is_member","description":"","placeholder":"","visible":true,"editable":true},"list":{"label":"is_member","searchable":true,"sortable":true}},"createdAt":{"edit":{"label":"createdAt","description":"","placeholder":"","visible":false,"editable":true},"list":{"label":"createdAt","searchable":true,"sortable":true}},"updatedAt":{"edit":{"label":"updatedAt","description":"","placeholder":"","visible":false,"editable":true},"list":{"label":"updatedAt","searchable":true,"sortable":true}}},"layouts":{"list":["id","user_name","is_member","createdAt"],"edit":[[{"name":"user_name","size":6},{"name":"pass","size":6}],[{"name":"is_member","size":4}]]}}', 'object', NULL, NULL);


--
-- TOC entry 3662 (class 0 OID 42415)
-- Dependencies: 240
-- Data for Name: strapi_database_schema; Type: TABLE DATA; Schema: public; Owner: postgres
--

INSERT INTO public.strapi_database_schema VALUES (15, '{"tables":[{"name":"strapi_core_store_settings","indexes":[],"foreignKeys":[],"columns":[{"name":"id","type":"increments","args":[{"primary":true,"primaryKey":true}],"defaultTo":null,"notNullable":true,"unsigned":false},{"name":"key","type":"string","args":[],"defaultTo":null,"notNullable":false,"unsigned":false},{"name":"value","type":"text","args":["longtext"],"defaultTo":null,"notNullable":false,"unsigned":false},{"name":"type","type":"string","args":[],"defaultTo":null,"notNullable":false,"unsigned":false},{"name":"environment","type":"string","args":[],"defaultTo":null,"notNullable":false,"unsigned":false},{"name":"tag","type":"string","args":[],"defaultTo":null,"notNullable":false,"unsigned":false}]},{"name":"strapi_webhooks","indexes":[],"foreignKeys":[],"columns":[{"name":"id","type":"increments","args":[{"primary":true,"primaryKey":true}],"defaultTo":null,"notNullable":true,"unsigned":false},{"name":"name","type":"string","args":[],"defaultTo":null,"notNullable":false,"unsigned":false},{"name":"url","type":"text","args":["longtext"],"defaultTo":null,"notNullable":false,"unsigned":false},{"name":"headers","type":"jsonb","args":[],"defaultTo":null,"notNullable":false,"unsigned":false},{"name":"events","type":"jsonb","args":[],"defaultTo":null,"notNullable":false,"unsigned":false},{"name":"enabled","type":"boolean","args":[],"defaultTo":null,"notNullable":false,"unsigned":false}]},{"name":"admin_permissions","indexes":[{"name":"admin_permissions_created_by_id_fk","columns":["created_by_id"]},{"name":"admin_permissions_updated_by_id_fk","columns":["updated_by_id"]}],"foreignKeys":[{"name":"admin_permissions_created_by_id_fk","columns":["created_by_id"],"referencedTable":"admin_users","referencedColumns":["id"],"onDelete":"SET NULL"},{"name":"admin_permissions_updated_by_id_fk","columns":["updated_by_id"],"referencedTable":"admin_users","referencedColumns":["id"],"onDelete":"SET NULL"}],"columns":[{"name":"id","type":"increments","args":[{"primary":true,"primaryKey":true}],"defaultTo":null,"notNullable":true,"unsigned":false},{"name":"action","type":"string","args":[],"defaultTo":null,"notNullable":false,"unsigned":false},{"name":"subject","type":"string","args":[],"defaultTo":null,"notNullable":false,"unsigned":false},{"name":"properties","type":"jsonb","args":[],"defaultTo":null,"notNullable":false,"unsigned":false},{"name":"conditions","type":"jsonb","args":[],"defaultTo":null,"notNullable":false,"unsigned":false},{"name":"created_at","type":"datetime","args":[{"useTz":false,"precision":6}],"defaultTo":null,"notNullable":false,"unsigned":false},{"name":"updated_at","type":"datetime","args":[{"useTz":false,"precision":6}],"defaultTo":null,"notNullable":false,"unsigned":false},{"name":"created_by_id","type":"integer","args":[],"defaultTo":null,"notNullable":false,"unsigned":true},{"name":"updated_by_id","type":"integer","args":[],"defaultTo":null,"notNullable":false,"unsigned":true}]},{"name":"admin_users","indexes":[{"name":"admin_users_created_by_id_fk","columns":["created_by_id"]},{"name":"admin_users_updated_by_id_fk","columns":["updated_by_id"]}],"foreignKeys":[{"name":"admin_users_created_by_id_fk","columns":["created_by_id"],"referencedTable":"admin_users","referencedColumns":["id"],"onDelete":"SET NULL"},{"name":"admin_users_updated_by_id_fk","columns":["updated_by_id"],"referencedTable":"admin_users","referencedColumns":["id"],"onDelete":"SET NULL"}],"columns":[{"name":"id","type":"increments","args":[{"primary":true,"primaryKey":true}],"defaultTo":null,"notNullable":true,"unsigned":false},{"name":"firstname","type":"string","args":[],"defaultTo":null,"notNullable":false,"unsigned":false},{"name":"lastname","type":"string","args":[],"defaultTo":null,"notNullable":false,"unsigned":false},{"name":"username","type":"string","args":[],"defaultTo":null,"notNullable":false,"unsigned":false},{"name":"email","type":"string","args":[],"defaultTo":null,"notNullable":false,"unsigned":false},{"name":"password","type":"string","args":[],"defaultTo":null,"notNullable":false,"unsigned":false},{"name":"reset_password_token","type":"string","args":[],"defaultTo":null,"notNullable":false,"unsigned":false},{"name":"registration_token","type":"string","args":[],"defaultTo":null,"notNullable":false,"unsigned":false},{"name":"is_active","type":"boolean","args":[],"defaultTo":null,"notNullable":false,"unsigned":false},{"name":"blocked","type":"boolean","args":[],"defaultTo":null,"notNullable":false,"unsigned":false},{"name":"prefered_language","type":"string","args":[],"defaultTo":null,"notNullable":false,"unsigned":false},{"name":"created_at","type":"datetime","args":[{"useTz":false,"precision":6}],"defaultTo":null,"notNullable":false,"unsigned":false},{"name":"updated_at","type":"datetime","args":[{"useTz":false,"precision":6}],"defaultTo":null,"notNullable":false,"unsigned":false},{"name":"created_by_id","type":"integer","args":[],"defaultTo":null,"notNullable":false,"unsigned":true},{"name":"updated_by_id","type":"integer","args":[],"defaultTo":null,"notNullable":false,"unsigned":true}]},{"name":"admin_roles","indexes":[{"name":"admin_roles_created_by_id_fk","columns":["created_by_id"]},{"name":"admin_roles_updated_by_id_fk","columns":["updated_by_id"]}],"foreignKeys":[{"name":"admin_roles_created_by_id_fk","columns":["created_by_id"],"referencedTable":"admin_users","referencedColumns":["id"],"onDelete":"SET NULL"},{"name":"admin_roles_updated_by_id_fk","columns":["updated_by_id"],"referencedTable":"admin_users","referencedColumns":["id"],"onDelete":"SET NULL"}],"columns":[{"name":"id","type":"increments","args":[{"primary":true,"primaryKey":true}],"defaultTo":null,"notNullable":true,"unsigned":false},{"name":"name","type":"string","args":[],"defaultTo":null,"notNullable":false,"unsigned":false},{"name":"code","type":"string","args":[],"defaultTo":null,"notNullable":false,"unsigned":false},{"name":"description","type":"string","args":[],"defaultTo":null,"notNullable":false,"unsigned":false},{"name":"created_at","type":"datetime","args":[{"useTz":false,"precision":6}],"defaultTo":null,"notNullable":false,"unsigned":false},{"name":"updated_at","type":"datetime","args":[{"useTz":false,"precision":6}],"defaultTo":null,"notNullable":false,"unsigned":false},{"name":"created_by_id","type":"integer","args":[],"defaultTo":null,"notNullable":false,"unsigned":true},{"name":"updated_by_id","type":"integer","args":[],"defaultTo":null,"notNullable":false,"unsigned":true}]},{"name":"strapi_api_tokens","indexes":[{"name":"strapi_api_tokens_created_by_id_fk","columns":["created_by_id"]},{"name":"strapi_api_tokens_updated_by_id_fk","columns":["updated_by_id"]}],"foreignKeys":[{"name":"strapi_api_tokens_created_by_id_fk","columns":["created_by_id"],"referencedTable":"admin_users","referencedColumns":["id"],"onDelete":"SET NULL"},{"name":"strapi_api_tokens_updated_by_id_fk","columns":["updated_by_id"],"referencedTable":"admin_users","referencedColumns":["id"],"onDelete":"SET NULL"}],"columns":[{"name":"id","type":"increments","args":[{"primary":true,"primaryKey":true}],"defaultTo":null,"notNullable":true,"unsigned":false},{"name":"name","type":"string","args":[],"defaultTo":null,"notNullable":false,"unsigned":false},{"name":"description","type":"string","args":[],"defaultTo":null,"notNullable":false,"unsigned":false},{"name":"type","type":"string","args":[],"defaultTo":null,"notNullable":false,"unsigned":false},{"name":"access_key","type":"string","args":[],"defaultTo":null,"notNullable":false,"unsigned":false},{"name":"last_used_at","type":"datetime","args":[{"useTz":false,"precision":6}],"defaultTo":null,"notNullable":false,"unsigned":false},{"name":"expires_at","type":"datetime","args":[{"useTz":false,"precision":6}],"defaultTo":null,"notNullable":false,"unsigned":false},{"name":"lifespan","type":"bigInteger","args":[],"defaultTo":null,"notNullable":false,"unsigned":false},{"name":"created_at","type":"datetime","args":[{"useTz":false,"precision":6}],"defaultTo":null,"notNullable":false,"unsigned":false},{"name":"updated_at","type":"datetime","args":[{"useTz":false,"precision":6}],"defaultTo":null,"notNullable":false,"unsigned":false},{"name":"created_by_id","type":"integer","args":[],"defaultTo":null,"notNullable":false,"unsigned":true},{"name":"updated_by_id","type":"integer","args":[],"defaultTo":null,"notNullable":false,"unsigned":true}]},{"name":"strapi_api_token_permissions","indexes":[{"name":"strapi_api_token_permissions_created_by_id_fk","columns":["created_by_id"]},{"name":"strapi_api_token_permissions_updated_by_id_fk","columns":["updated_by_id"]}],"foreignKeys":[{"name":"strapi_api_token_permissions_created_by_id_fk","columns":["created_by_id"],"referencedTable":"admin_users","referencedColumns":["id"],"onDelete":"SET NULL"},{"name":"strapi_api_token_permissions_updated_by_id_fk","columns":["updated_by_id"],"referencedTable":"admin_users","referencedColumns":["id"],"onDelete":"SET NULL"}],"columns":[{"name":"id","type":"increments","args":[{"primary":true,"primaryKey":true}],"defaultTo":null,"notNullable":true,"unsigned":false},{"name":"action","type":"string","args":[],"defaultTo":null,"notNullable":false,"unsigned":false},{"name":"created_at","type":"datetime","args":[{"useTz":false,"precision":6}],"defaultTo":null,"notNullable":false,"unsigned":false},{"name":"updated_at","type":"datetime","args":[{"useTz":false,"precision":6}],"defaultTo":null,"notNullable":false,"unsigned":false},{"name":"created_by_id","type":"integer","args":[],"defaultTo":null,"notNullable":false,"unsigned":true},{"name":"updated_by_id","type":"integer","args":[],"defaultTo":null,"notNullable":false,"unsigned":true}]},{"name":"files","indexes":[{"name":"upload_files_folder_path_index","columns":["folder_path"],"type":null},{"name":"upload_files_created_at_index","columns":["created_at"],"type":null},{"name":"upload_files_updated_at_index","columns":["updated_at"],"type":null},{"name":"upload_files_name_index","columns":["name"],"type":null},{"name":"upload_files_size_index","columns":["size"],"type":null},{"name":"upload_files_ext_index","columns":["ext"],"type":null},{"name":"files_created_by_id_fk","columns":["created_by_id"]},{"name":"files_updated_by_id_fk","columns":["updated_by_id"]}],"foreignKeys":[{"name":"files_created_by_id_fk","columns":["created_by_id"],"referencedTable":"admin_users","referencedColumns":["id"],"onDelete":"SET NULL"},{"name":"files_updated_by_id_fk","columns":["updated_by_id"],"referencedTable":"admin_users","referencedColumns":["id"],"onDelete":"SET NULL"}],"columns":[{"name":"id","type":"increments","args":[{"primary":true,"primaryKey":true}],"defaultTo":null,"notNullable":true,"unsigned":false},{"name":"name","type":"string","args":[],"defaultTo":null,"notNullable":false,"unsigned":false},{"name":"alternative_text","type":"string","args":[],"defaultTo":null,"notNullable":false,"unsigned":false},{"name":"caption","type":"string","args":[],"defaultTo":null,"notNullable":false,"unsigned":false},{"name":"width","type":"integer","args":[],"defaultTo":null,"notNullable":false,"unsigned":false},{"name":"height","type":"integer","args":[],"defaultTo":null,"notNullable":false,"unsigned":false},{"name":"formats","type":"jsonb","args":[],"defaultTo":null,"notNullable":false,"unsigned":false},{"name":"hash","type":"string","args":[],"defaultTo":null,"notNullable":false,"unsigned":false},{"name":"ext","type":"string","args":[],"defaultTo":null,"notNullable":false,"unsigned":false},{"name":"mime","type":"string","args":[],"defaultTo":null,"notNullable":false,"unsigned":false},{"name":"size","type":"decimal","args":[10,2],"defaultTo":null,"notNullable":false,"unsigned":false},{"name":"url","type":"string","args":[],"defaultTo":null,"notNullable":false,"unsigned":false},{"name":"preview_url","type":"string","args":[],"defaultTo":null,"notNullable":false,"unsigned":false},{"name":"provider","type":"string","args":[],"defaultTo":null,"notNullable":false,"unsigned":false},{"name":"provider_metadata","type":"jsonb","args":[],"defaultTo":null,"notNullable":false,"unsigned":false},{"name":"folder_path","type":"string","args":[],"defaultTo":null,"notNullable":false,"unsigned":false},{"name":"created_at","type":"datetime","args":[{"useTz":false,"precision":6}],"defaultTo":null,"notNullable":false,"unsigned":false},{"name":"updated_at","type":"datetime","args":[{"useTz":false,"precision":6}],"defaultTo":null,"notNullable":false,"unsigned":false},{"name":"created_by_id","type":"integer","args":[],"defaultTo":null,"notNullable":false,"unsigned":true},{"name":"updated_by_id","type":"integer","args":[],"defaultTo":null,"notNullable":false,"unsigned":true}]},{"name":"upload_folders","indexes":[{"name":"upload_folders_path_id_index","columns":["path_id"],"type":"unique"},{"name":"upload_folders_path_index","columns":["path"],"type":"unique"},{"name":"upload_folders_created_by_id_fk","columns":["created_by_id"]},{"name":"upload_folders_updated_by_id_fk","columns":["updated_by_id"]}],"foreignKeys":[{"name":"upload_folders_created_by_id_fk","columns":["created_by_id"],"referencedTable":"admin_users","referencedColumns":["id"],"onDelete":"SET NULL"},{"name":"upload_folders_updated_by_id_fk","columns":["updated_by_id"],"referencedTable":"admin_users","referencedColumns":["id"],"onDelete":"SET NULL"}],"columns":[{"name":"id","type":"increments","args":[{"primary":true,"primaryKey":true}],"defaultTo":null,"notNullable":true,"unsigned":false},{"name":"name","type":"string","args":[],"defaultTo":null,"notNullable":false,"unsigned":false},{"name":"path_id","type":"integer","args":[],"defaultTo":null,"notNullable":false,"unsigned":false},{"name":"path","type":"string","args":[],"defaultTo":null,"notNullable":false,"unsigned":false},{"name":"created_at","type":"datetime","args":[{"useTz":false,"precision":6}],"defaultTo":null,"notNullable":false,"unsigned":false},{"name":"updated_at","type":"datetime","args":[{"useTz":false,"precision":6}],"defaultTo":null,"notNullable":false,"unsigned":false},{"name":"created_by_id","type":"integer","args":[],"defaultTo":null,"notNullable":false,"unsigned":true},{"name":"updated_by_id","type":"integer","args":[],"defaultTo":null,"notNullable":false,"unsigned":true}]},{"name":"up_permissions","indexes":[{"name":"up_permissions_created_by_id_fk","columns":["created_by_id"]},{"name":"up_permissions_updated_by_id_fk","columns":["updated_by_id"]}],"foreignKeys":[{"name":"up_permissions_created_by_id_fk","columns":["created_by_id"],"referencedTable":"admin_users","referencedColumns":["id"],"onDelete":"SET NULL"},{"name":"up_permissions_updated_by_id_fk","columns":["updated_by_id"],"referencedTable":"admin_users","referencedColumns":["id"],"onDelete":"SET NULL"}],"columns":[{"name":"id","type":"increments","args":[{"primary":true,"primaryKey":true}],"defaultTo":null,"notNullable":true,"unsigned":false},{"name":"action","type":"string","args":[],"defaultTo":null,"notNullable":false,"unsigned":false},{"name":"created_at","type":"datetime","args":[{"useTz":false,"precision":6}],"defaultTo":null,"notNullable":false,"unsigned":false},{"name":"updated_at","type":"datetime","args":[{"useTz":false,"precision":6}],"defaultTo":null,"notNullable":false,"unsigned":false},{"name":"created_by_id","type":"integer","args":[],"defaultTo":null,"notNullable":false,"unsigned":true},{"name":"updated_by_id","type":"integer","args":[],"defaultTo":null,"notNullable":false,"unsigned":true}]},{"name":"up_roles","indexes":[{"name":"up_roles_created_by_id_fk","columns":["created_by_id"]},{"name":"up_roles_updated_by_id_fk","columns":["updated_by_id"]}],"foreignKeys":[{"name":"up_roles_created_by_id_fk","columns":["created_by_id"],"referencedTable":"admin_users","referencedColumns":["id"],"onDelete":"SET NULL"},{"name":"up_roles_updated_by_id_fk","columns":["updated_by_id"],"referencedTable":"admin_users","referencedColumns":["id"],"onDelete":"SET NULL"}],"columns":[{"name":"id","type":"increments","args":[{"primary":true,"primaryKey":true}],"defaultTo":null,"notNullable":true,"unsigned":false},{"name":"name","type":"string","args":[],"defaultTo":null,"notNullable":false,"unsigned":false},{"name":"description","type":"string","args":[],"defaultTo":null,"notNullable":false,"unsigned":false},{"name":"type","type":"string","args":[],"defaultTo":null,"notNullable":false,"unsigned":false},{"name":"created_at","type":"datetime","args":[{"useTz":false,"precision":6}],"defaultTo":null,"notNullable":false,"unsigned":false},{"name":"updated_at","type":"datetime","args":[{"useTz":false,"precision":6}],"defaultTo":null,"notNullable":false,"unsigned":false},{"name":"created_by_id","type":"integer","args":[],"defaultTo":null,"notNullable":false,"unsigned":true},{"name":"updated_by_id","type":"integer","args":[],"defaultTo":null,"notNullable":false,"unsigned":true}]},{"name":"up_users","indexes":[{"name":"up_users_created_by_id_fk","columns":["created_by_id"]},{"name":"up_users_updated_by_id_fk","columns":["updated_by_id"]}],"foreignKeys":[{"name":"up_users_created_by_id_fk","columns":["created_by_id"],"referencedTable":"admin_users","referencedColumns":["id"],"onDelete":"SET NULL"},{"name":"up_users_updated_by_id_fk","columns":["updated_by_id"],"referencedTable":"admin_users","referencedColumns":["id"],"onDelete":"SET NULL"}],"columns":[{"name":"id","type":"increments","args":[{"primary":true,"primaryKey":true}],"defaultTo":null,"notNullable":true,"unsigned":false},{"name":"username","type":"string","args":[],"defaultTo":null,"notNullable":false,"unsigned":false},{"name":"email","type":"string","args":[],"defaultTo":null,"notNullable":false,"unsigned":false},{"name":"provider","type":"string","args":[],"defaultTo":null,"notNullable":false,"unsigned":false},{"name":"password","type":"string","args":[],"defaultTo":null,"notNullable":false,"unsigned":false},{"name":"reset_password_token","type":"string","args":[],"defaultTo":null,"notNullable":false,"unsigned":false},{"name":"confirmation_token","type":"string","args":[],"defaultTo":null,"notNullable":false,"unsigned":false},{"name":"confirmed","type":"boolean","args":[],"defaultTo":null,"notNullable":false,"unsigned":false},{"name":"blocked","type":"boolean","args":[],"defaultTo":null,"notNullable":false,"unsigned":false},{"name":"created_at","type":"datetime","args":[{"useTz":false,"precision":6}],"defaultTo":null,"notNullable":false,"unsigned":false},{"name":"updated_at","type":"datetime","args":[{"useTz":false,"precision":6}],"defaultTo":null,"notNullable":false,"unsigned":false},{"name":"created_by_id","type":"integer","args":[],"defaultTo":null,"notNullable":false,"unsigned":true},{"name":"updated_by_id","type":"integer","args":[],"defaultTo":null,"notNullable":false,"unsigned":true}]},{"name":"i18n_locale","indexes":[{"name":"i18n_locale_created_by_id_fk","columns":["created_by_id"]},{"name":"i18n_locale_updated_by_id_fk","columns":["updated_by_id"]}],"foreignKeys":[{"name":"i18n_locale_created_by_id_fk","columns":["created_by_id"],"referencedTable":"admin_users","referencedColumns":["id"],"onDelete":"SET NULL"},{"name":"i18n_locale_updated_by_id_fk","columns":["updated_by_id"],"referencedTable":"admin_users","referencedColumns":["id"],"onDelete":"SET NULL"}],"columns":[{"name":"id","type":"increments","args":[{"primary":true,"primaryKey":true}],"defaultTo":null,"notNullable":true,"unsigned":false},{"name":"name","type":"string","args":[],"defaultTo":null,"notNullable":false,"unsigned":false},{"name":"code","type":"string","args":[],"defaultTo":null,"notNullable":false,"unsigned":false},{"name":"created_at","type":"datetime","args":[{"useTz":false,"precision":6}],"defaultTo":null,"notNullable":false,"unsigned":false},{"name":"updated_at","type":"datetime","args":[{"useTz":false,"precision":6}],"defaultTo":null,"notNullable":false,"unsigned":false},{"name":"created_by_id","type":"integer","args":[],"defaultTo":null,"notNullable":false,"unsigned":true},{"name":"updated_by_id","type":"integer","args":[],"defaultTo":null,"notNullable":false,"unsigned":true}]},{"name":"g_accounts","indexes":[{"name":"g_accounts_created_by_id_fk","columns":["created_by_id"]},{"name":"g_accounts_updated_by_id_fk","columns":["updated_by_id"]}],"foreignKeys":[{"name":"g_accounts_created_by_id_fk","columns":["created_by_id"],"referencedTable":"admin_users","referencedColumns":["id"],"onDelete":"SET NULL"},{"name":"g_accounts_updated_by_id_fk","columns":["updated_by_id"],"referencedTable":"admin_users","referencedColumns":["id"],"onDelete":"SET NULL"}],"columns":[{"name":"id","type":"increments","args":[{"primary":true,"primaryKey":true}],"defaultTo":null,"notNullable":true,"unsigned":false},{"name":"user_name","type":"string","args":[],"defaultTo":null,"notNullable":false,"unsigned":false},{"name":"pass","type":"string","args":[],"defaultTo":null,"notNullable":false,"unsigned":false},{"name":"is_member","type":"boolean","args":[],"defaultTo":null,"notNullable":false,"unsigned":false},{"name":"created_at","type":"datetime","args":[{"useTz":false,"precision":6}],"defaultTo":null,"notNullable":false,"unsigned":false},{"name":"updated_at","type":"datetime","args":[{"useTz":false,"precision":6}],"defaultTo":null,"notNullable":false,"unsigned":false},{"name":"created_by_id","type":"integer","args":[],"defaultTo":null,"notNullable":false,"unsigned":true},{"name":"updated_by_id","type":"integer","args":[],"defaultTo":null,"notNullable":false,"unsigned":true}]},{"name":"g_characters","indexes":[{"name":"g_characters_created_by_id_fk","columns":["created_by_id"]},{"name":"g_characters_updated_by_id_fk","columns":["updated_by_id"]}],"foreignKeys":[{"name":"g_characters_created_by_id_fk","columns":["created_by_id"],"referencedTable":"admin_users","referencedColumns":["id"],"onDelete":"SET NULL"},{"name":"g_characters_updated_by_id_fk","columns":["updated_by_id"],"referencedTable":"admin_users","referencedColumns":["id"],"onDelete":"SET NULL"}],"columns":[{"name":"id","type":"increments","args":[{"primary":true,"primaryKey":true}],"defaultTo":null,"notNullable":true,"unsigned":false},{"name":"name","type":"string","args":[],"defaultTo":null,"notNullable":false,"unsigned":false},{"name":"localtion","type":"integer","args":[],"defaultTo":null,"notNullable":false,"unsigned":false},{"name":"max_hp","type":"integer","args":[],"defaultTo":null,"notNullable":false,"unsigned":false},{"name":"current_exp","type":"bigInteger","args":[],"defaultTo":null,"notNullable":false,"unsigned":false},{"name":"gold","type":"bigInteger","args":[],"defaultTo":null,"notNullable":false,"unsigned":false},{"name":"lvl","type":"integer","args":[],"defaultTo":null,"notNullable":false,"unsigned":false},{"name":"point","type":"integer","args":[],"defaultTo":null,"notNullable":false,"unsigned":false},{"name":"current_hp","type":"integer","args":[],"defaultTo":null,"notNullable":false,"unsigned":false},{"name":"acc_id","type":"integer","args":[],"defaultTo":null,"notNullable":false,"unsigned":false},{"name":"current_atk","type":"integer","args":[],"defaultTo":null,"notNullable":false,"unsigned":false},{"name":"current_def","type":"integer","args":[],"defaultTo":null,"notNullable":false,"unsigned":false},{"name":"current_dex","type":"integer","args":[],"defaultTo":null,"notNullable":false,"unsigned":false},{"name":"created_at","type":"datetime","args":[{"useTz":false,"precision":6}],"defaultTo":null,"notNullable":false,"unsigned":false},{"name":"updated_at","type":"datetime","args":[{"useTz":false,"precision":6}],"defaultTo":null,"notNullable":false,"unsigned":false},{"name":"created_by_id","type":"integer","args":[],"defaultTo":null,"notNullable":false,"unsigned":true},{"name":"updated_by_id","type":"integer","args":[],"defaultTo":null,"notNullable":false,"unsigned":true}]},{"name":"g_travels","indexes":[{"name":"g_travels_created_by_id_fk","columns":["created_by_id"]},{"name":"g_travels_updated_by_id_fk","columns":["updated_by_id"]}],"foreignKeys":[{"name":"g_travels_created_by_id_fk","columns":["created_by_id"],"referencedTable":"admin_users","referencedColumns":["id"],"onDelete":"SET NULL"},{"name":"g_travels_updated_by_id_fk","columns":["updated_by_id"],"referencedTable":"admin_users","referencedColumns":["id"],"onDelete":"SET NULL"}],"columns":[{"name":"id","type":"increments","args":[{"primary":true,"primaryKey":true}],"defaultTo":null,"notNullable":true,"unsigned":false},{"name":"text","type":"text","args":["longtext"],"defaultTo":null,"notNullable":false,"unsigned":false},{"name":"created_at","type":"datetime","args":[{"useTz":false,"precision":6}],"defaultTo":null,"notNullable":false,"unsigned":false},{"name":"updated_at","type":"datetime","args":[{"useTz":false,"precision":6}],"defaultTo":null,"notNullable":false,"unsigned":false},{"name":"created_by_id","type":"integer","args":[],"defaultTo":null,"notNullable":false,"unsigned":true},{"name":"updated_by_id","type":"integer","args":[],"defaultTo":null,"notNullable":false,"unsigned":true}]},{"name":"admin_permissions_role_links","indexes":[{"name":"admin_permissions_role_links_fk","columns":["permission_id"]},{"name":"admin_permissions_role_links_inv_fk","columns":["role_id"]},{"name":"admin_permissions_role_links_unique","columns":["permission_id","role_id"],"type":"unique"},{"name":"admin_permissions_role_links_order_inv_fk","columns":["permission_order"]}],"foreignKeys":[{"name":"admin_permissions_role_links_fk","columns":["permission_id"],"referencedColumns":["id"],"referencedTable":"admin_permissions","onDelete":"CASCADE"},{"name":"admin_permissions_role_links_inv_fk","columns":["role_id"],"referencedColumns":["id"],"referencedTable":"admin_roles","onDelete":"CASCADE"}],"columns":[{"name":"id","type":"increments","args":[{"primary":true,"primaryKey":true}],"defaultTo":null,"notNullable":true,"unsigned":false},{"name":"permission_id","type":"integer","args":[],"defaultTo":null,"notNullable":false,"unsigned":true},{"name":"role_id","type":"integer","args":[],"defaultTo":null,"notNullable":false,"unsigned":true},{"name":"permission_order","type":"integer","args":[],"defaultTo":null,"notNullable":false,"unsigned":true}]},{"name":"admin_users_roles_links","indexes":[{"name":"admin_users_roles_links_fk","columns":["user_id"]},{"name":"admin_users_roles_links_inv_fk","columns":["role_id"]},{"name":"admin_users_roles_links_unique","columns":["user_id","role_id"],"type":"unique"},{"name":"admin_users_roles_links_order_fk","columns":["role_order"]},{"name":"admin_users_roles_links_order_inv_fk","columns":["user_order"]}],"foreignKeys":[{"name":"admin_users_roles_links_fk","columns":["user_id"],"referencedColumns":["id"],"referencedTable":"admin_users","onDelete":"CASCADE"},{"name":"admin_users_roles_links_inv_fk","columns":["role_id"],"referencedColumns":["id"],"referencedTable":"admin_roles","onDelete":"CASCADE"}],"columns":[{"name":"id","type":"increments","args":[{"primary":true,"primaryKey":true}],"defaultTo":null,"notNullable":true,"unsigned":false},{"name":"user_id","type":"integer","args":[],"defaultTo":null,"notNullable":false,"unsigned":true},{"name":"role_id","type":"integer","args":[],"defaultTo":null,"notNullable":false,"unsigned":true},{"name":"role_order","type":"integer","args":[],"defaultTo":null,"notNullable":false,"unsigned":true},{"name":"user_order","type":"integer","args":[],"defaultTo":null,"notNullable":false,"unsigned":true}]},{"name":"strapi_api_token_permissions_token_links","indexes":[{"name":"strapi_api_token_permissions_token_links_fk","columns":["api_token_permission_id"]},{"name":"strapi_api_token_permissions_token_links_inv_fk","columns":["api_token_id"]},{"name":"strapi_api_token_permissions_token_links_unique","columns":["api_token_permission_id","api_token_id"],"type":"unique"},{"name":"strapi_api_token_permissions_token_links_order_inv_fk","columns":["api_token_permission_order"]}],"foreignKeys":[{"name":"strapi_api_token_permissions_token_links_fk","columns":["api_token_permission_id"],"referencedColumns":["id"],"referencedTable":"strapi_api_token_permissions","onDelete":"CASCADE"},{"name":"strapi_api_token_permissions_token_links_inv_fk","columns":["api_token_id"],"referencedColumns":["id"],"referencedTable":"strapi_api_tokens","onDelete":"CASCADE"}],"columns":[{"name":"id","type":"increments","args":[{"primary":true,"primaryKey":true}],"defaultTo":null,"notNullable":true,"unsigned":false},{"name":"api_token_permission_id","type":"integer","args":[],"defaultTo":null,"notNullable":false,"unsigned":true},{"name":"api_token_id","type":"integer","args":[],"defaultTo":null,"notNullable":false,"unsigned":true},{"name":"api_token_permission_order","type":"integer","args":[],"defaultTo":null,"notNullable":false,"unsigned":true}]},{"name":"files_related_morphs","indexes":[{"name":"files_related_morphs_fk","columns":["file_id"]}],"foreignKeys":[{"name":"files_related_morphs_fk","columns":["file_id"],"referencedColumns":["id"],"referencedTable":"files","onDelete":"CASCADE"}],"columns":[{"name":"id","type":"increments","args":[{"primary":true,"primaryKey":true}],"defaultTo":null,"notNullable":true,"unsigned":false},{"name":"file_id","type":"integer","args":[],"defaultTo":null,"notNullable":false,"unsigned":true},{"name":"related_id","type":"integer","args":[],"defaultTo":null,"notNullable":false,"unsigned":true},{"name":"related_type","type":"string","args":[],"defaultTo":null,"notNullable":false,"unsigned":false},{"name":"field","type":"string","args":[],"defaultTo":null,"notNullable":false,"unsigned":false},{"name":"order","type":"integer","args":[],"defaultTo":null,"notNullable":false,"unsigned":true}]},{"name":"files_folder_links","indexes":[{"name":"files_folder_links_fk","columns":["file_id"]},{"name":"files_folder_links_inv_fk","columns":["folder_id"]},{"name":"files_folder_links_unique","columns":["file_id","folder_id"],"type":"unique"},{"name":"files_folder_links_order_inv_fk","columns":["file_order"]}],"foreignKeys":[{"name":"files_folder_links_fk","columns":["file_id"],"referencedColumns":["id"],"referencedTable":"files","onDelete":"CASCADE"},{"name":"files_folder_links_inv_fk","columns":["folder_id"],"referencedColumns":["id"],"referencedTable":"upload_folders","onDelete":"CASCADE"}],"columns":[{"name":"id","type":"increments","args":[{"primary":true,"primaryKey":true}],"defaultTo":null,"notNullable":true,"unsigned":false},{"name":"file_id","type":"integer","args":[],"defaultTo":null,"notNullable":false,"unsigned":true},{"name":"folder_id","type":"integer","args":[],"defaultTo":null,"notNullable":false,"unsigned":true},{"name":"file_order","type":"integer","args":[],"defaultTo":null,"notNullable":false,"unsigned":true}]},{"name":"upload_folders_parent_links","indexes":[{"name":"upload_folders_parent_links_fk","columns":["folder_id"]},{"name":"upload_folders_parent_links_inv_fk","columns":["inv_folder_id"]},{"name":"upload_folders_parent_links_unique","columns":["folder_id","inv_folder_id"],"type":"unique"},{"name":"upload_folders_parent_links_order_inv_fk","columns":["folder_order"]}],"foreignKeys":[{"name":"upload_folders_parent_links_fk","columns":["folder_id"],"referencedColumns":["id"],"referencedTable":"upload_folders","onDelete":"CASCADE"},{"name":"upload_folders_parent_links_inv_fk","columns":["inv_folder_id"],"referencedColumns":["id"],"referencedTable":"upload_folders","onDelete":"CASCADE"}],"columns":[{"name":"id","type":"increments","args":[{"primary":true,"primaryKey":true}],"defaultTo":null,"notNullable":true,"unsigned":false},{"name":"folder_id","type":"integer","args":[],"defaultTo":null,"notNullable":false,"unsigned":true},{"name":"inv_folder_id","type":"integer","args":[],"defaultTo":null,"notNullable":false,"unsigned":true},{"name":"folder_order","type":"integer","args":[],"defaultTo":null,"notNullable":false,"unsigned":true}]},{"name":"up_permissions_role_links","indexes":[{"name":"up_permissions_role_links_fk","columns":["permission_id"]},{"name":"up_permissions_role_links_inv_fk","columns":["role_id"]},{"name":"up_permissions_role_links_unique","columns":["permission_id","role_id"],"type":"unique"},{"name":"up_permissions_role_links_order_inv_fk","columns":["permission_order"]}],"foreignKeys":[{"name":"up_permissions_role_links_fk","columns":["permission_id"],"referencedColumns":["id"],"referencedTable":"up_permissions","onDelete":"CASCADE"},{"name":"up_permissions_role_links_inv_fk","columns":["role_id"],"referencedColumns":["id"],"referencedTable":"up_roles","onDelete":"CASCADE"}],"columns":[{"name":"id","type":"increments","args":[{"primary":true,"primaryKey":true}],"defaultTo":null,"notNullable":true,"unsigned":false},{"name":"permission_id","type":"integer","args":[],"defaultTo":null,"notNullable":false,"unsigned":true},{"name":"role_id","type":"integer","args":[],"defaultTo":null,"notNullable":false,"unsigned":true},{"name":"permission_order","type":"integer","args":[],"defaultTo":null,"notNullable":false,"unsigned":true}]},{"name":"up_users_role_links","indexes":[{"name":"up_users_role_links_fk","columns":["user_id"]},{"name":"up_users_role_links_inv_fk","columns":["role_id"]},{"name":"up_users_role_links_unique","columns":["user_id","role_id"],"type":"unique"},{"name":"up_users_role_links_order_inv_fk","columns":["user_order"]}],"foreignKeys":[{"name":"up_users_role_links_fk","columns":["user_id"],"referencedColumns":["id"],"referencedTable":"up_users","onDelete":"CASCADE"},{"name":"up_users_role_links_inv_fk","columns":["role_id"],"referencedColumns":["id"],"referencedTable":"up_roles","onDelete":"CASCADE"}],"columns":[{"name":"id","type":"increments","args":[{"primary":true,"primaryKey":true}],"defaultTo":null,"notNullable":true,"unsigned":false},{"name":"user_id","type":"integer","args":[],"defaultTo":null,"notNullable":false,"unsigned":true},{"name":"role_id","type":"integer","args":[],"defaultTo":null,"notNullable":false,"unsigned":true},{"name":"user_order","type":"integer","args":[],"defaultTo":null,"notNullable":false,"unsigned":true}]}]}', '2023-01-26 19:17:19.321', '2ae24b1318263b497a8b1c1b22691a55');


--
-- TOC entry 3664 (class 0 OID 42421)
-- Dependencies: 242
-- Data for Name: strapi_migrations; Type: TABLE DATA; Schema: public; Owner: postgres
--



--
-- TOC entry 3666 (class 0 OID 42425)
-- Dependencies: 244
-- Data for Name: strapi_webhooks; Type: TABLE DATA; Schema: public; Owner: postgres
--



--
-- TOC entry 3668 (class 0 OID 42431)
-- Dependencies: 246
-- Data for Name: up_permissions; Type: TABLE DATA; Schema: public; Owner: postgres
--

INSERT INTO public.up_permissions VALUES (1, 'plugin::users-permissions.user.me', '2023-01-25 23:41:46.665', '2023-01-25 23:41:46.665', NULL, NULL);
INSERT INTO public.up_permissions VALUES (2, 'plugin::users-permissions.auth.changePassword', '2023-01-25 23:41:46.665', '2023-01-25 23:41:46.665', NULL, NULL);
INSERT INTO public.up_permissions VALUES (3, 'plugin::users-permissions.auth.callback', '2023-01-25 23:41:46.677', '2023-01-25 23:41:46.677', NULL, NULL);
INSERT INTO public.up_permissions VALUES (4, 'plugin::users-permissions.auth.connect', '2023-01-25 23:41:46.677', '2023-01-25 23:41:46.677', NULL, NULL);
INSERT INTO public.up_permissions VALUES (5, 'plugin::users-permissions.auth.forgotPassword', '2023-01-25 23:41:46.677', '2023-01-25 23:41:46.677', NULL, NULL);
INSERT INTO public.up_permissions VALUES (6, 'plugin::users-permissions.auth.resetPassword', '2023-01-25 23:41:46.677', '2023-01-25 23:41:46.677', NULL, NULL);
INSERT INTO public.up_permissions VALUES (7, 'plugin::users-permissions.auth.register', '2023-01-25 23:41:46.677', '2023-01-25 23:41:46.677', NULL, NULL);
INSERT INTO public.up_permissions VALUES (8, 'plugin::users-permissions.auth.emailConfirmation', '2023-01-25 23:41:46.677', '2023-01-25 23:41:46.677', NULL, NULL);
INSERT INTO public.up_permissions VALUES (9, 'plugin::users-permissions.auth.sendEmailConfirmation', '2023-01-25 23:41:46.677', '2023-01-25 23:41:46.677', NULL, NULL);


--
-- TOC entry 3670 (class 0 OID 42435)
-- Dependencies: 248
-- Data for Name: up_permissions_role_links; Type: TABLE DATA; Schema: public; Owner: postgres
--

INSERT INTO public.up_permissions_role_links VALUES (1, 1, 1, 1);
INSERT INTO public.up_permissions_role_links VALUES (2, 2, 1, 1);
INSERT INTO public.up_permissions_role_links VALUES (3, 3, 2, 1);
INSERT INTO public.up_permissions_role_links VALUES (4, 4, 2, 1);
INSERT INTO public.up_permissions_role_links VALUES (5, 6, 2, 1);
INSERT INTO public.up_permissions_role_links VALUES (6, 5, 2, 1);
INSERT INTO public.up_permissions_role_links VALUES (8, 8, 2, 2);
INSERT INTO public.up_permissions_role_links VALUES (7, 7, 2, 1);
INSERT INTO public.up_permissions_role_links VALUES (9, 9, 2, 2);


--
-- TOC entry 3672 (class 0 OID 42439)
-- Dependencies: 250
-- Data for Name: up_roles; Type: TABLE DATA; Schema: public; Owner: postgres
--

INSERT INTO public.up_roles VALUES (1, 'Authenticated', 'Default role given to authenticated user.', 'authenticated', '2023-01-25 23:41:46.654', '2023-01-25 23:41:46.654', NULL, NULL);
INSERT INTO public.up_roles VALUES (2, 'Public', 'Default role given to unauthenticated user.', 'public', '2023-01-25 23:41:46.659', '2023-01-25 23:41:46.659', NULL, NULL);


--
-- TOC entry 3674 (class 0 OID 42445)
-- Dependencies: 252
-- Data for Name: up_users; Type: TABLE DATA; Schema: public; Owner: postgres
--

INSERT INTO public.up_users VALUES (1, 'testadmin', 'testadmin@gmail.com', 'local', '$2a$10$blkGvnj042H9bkFFHowB1eIvYHlfnKRDdhlQX93e8a2XKpbyTayf2', NULL, NULL, false, false, '2023-01-26 09:27:47.513', '2023-01-26 13:42:40.932', 1, 1);


--
-- TOC entry 3676 (class 0 OID 42451)
-- Dependencies: 254
-- Data for Name: up_users_role_links; Type: TABLE DATA; Schema: public; Owner: postgres
--

INSERT INTO public.up_users_role_links VALUES (5, 1, 1, 1);


--
-- TOC entry 3678 (class 0 OID 42455)
-- Dependencies: 256
-- Data for Name: upload_folders; Type: TABLE DATA; Schema: public; Owner: postgres
--



--
-- TOC entry 3680 (class 0 OID 42461)
-- Dependencies: 258
-- Data for Name: upload_folders_parent_links; Type: TABLE DATA; Schema: public; Owner: postgres
--



--
-- TOC entry 3719 (class 0 OID 0)
-- Dependencies: 215
-- Name: admin_permissions_id_seq; Type: SEQUENCE SET; Schema: public; Owner: postgres
--

SELECT pg_catalog.setval('public.admin_permissions_id_seq', 115, true);


--
-- TOC entry 3720 (class 0 OID 0)
-- Dependencies: 217
-- Name: admin_permissions_role_links_id_seq; Type: SEQUENCE SET; Schema: public; Owner: postgres
--

SELECT pg_catalog.setval('public.admin_permissions_role_links_id_seq', 115, true);


--
-- TOC entry 3721 (class 0 OID 0)
-- Dependencies: 219
-- Name: admin_roles_id_seq; Type: SEQUENCE SET; Schema: public; Owner: postgres
--

SELECT pg_catalog.setval('public.admin_roles_id_seq', 3, true);


--
-- TOC entry 3722 (class 0 OID 0)
-- Dependencies: 221
-- Name: admin_users_id_seq; Type: SEQUENCE SET; Schema: public; Owner: postgres
--

SELECT pg_catalog.setval('public.admin_users_id_seq', 1, true);


--
-- TOC entry 3723 (class 0 OID 0)
-- Dependencies: 223
-- Name: admin_users_roles_links_id_seq; Type: SEQUENCE SET; Schema: public; Owner: postgres
--

SELECT pg_catalog.setval('public.admin_users_roles_links_id_seq', 1, true);


--
-- TOC entry 3724 (class 0 OID 0)
-- Dependencies: 226
-- Name: files_folder_links_id_seq; Type: SEQUENCE SET; Schema: public; Owner: postgres
--

SELECT pg_catalog.setval('public.files_folder_links_id_seq', 1, false);


--
-- TOC entry 3725 (class 0 OID 0)
-- Dependencies: 227
-- Name: files_id_seq; Type: SEQUENCE SET; Schema: public; Owner: postgres
--

SELECT pg_catalog.setval('public.files_id_seq', 1, false);


--
-- TOC entry 3726 (class 0 OID 0)
-- Dependencies: 229
-- Name: files_related_morphs_id_seq; Type: SEQUENCE SET; Schema: public; Owner: postgres
--

SELECT pg_catalog.setval('public.files_related_morphs_id_seq', 1, false);


--
-- TOC entry 3727 (class 0 OID 0)
-- Dependencies: 264
-- Name: g_accounts_id_seq; Type: SEQUENCE SET; Schema: public; Owner: postgres
--

SELECT pg_catalog.setval('public.g_accounts_id_seq', 2, true);


--
-- TOC entry 3728 (class 0 OID 0)
-- Dependencies: 262
-- Name: g_characters_id_seq; Type: SEQUENCE SET; Schema: public; Owner: postgres
--

SELECT pg_catalog.setval('public.g_characters_id_seq', 2, true);


--
-- TOC entry 3729 (class 0 OID 0)
-- Dependencies: 260
-- Name: g_travels_id_seq; Type: SEQUENCE SET; Schema: public; Owner: postgres
--

SELECT pg_catalog.setval('public.g_travels_id_seq', 1, true);


--
-- TOC entry 3730 (class 0 OID 0)
-- Dependencies: 231
-- Name: i18n_locale_id_seq; Type: SEQUENCE SET; Schema: public; Owner: postgres
--

SELECT pg_catalog.setval('public.i18n_locale_id_seq', 1, true);


--
-- TOC entry 3731 (class 0 OID 0)
-- Dependencies: 233
-- Name: strapi_api_token_permissions_id_seq; Type: SEQUENCE SET; Schema: public; Owner: postgres
--

SELECT pg_catalog.setval('public.strapi_api_token_permissions_id_seq', 1, false);


--
-- TOC entry 3732 (class 0 OID 0)
-- Dependencies: 235
-- Name: strapi_api_token_permissions_token_links_id_seq; Type: SEQUENCE SET; Schema: public; Owner: postgres
--

SELECT pg_catalog.setval('public.strapi_api_token_permissions_token_links_id_seq', 1, false);


--
-- TOC entry 3733 (class 0 OID 0)
-- Dependencies: 237
-- Name: strapi_api_tokens_id_seq; Type: SEQUENCE SET; Schema: public; Owner: postgres
--

SELECT pg_catalog.setval('public.strapi_api_tokens_id_seq', 1, false);


--
-- TOC entry 3734 (class 0 OID 0)
-- Dependencies: 239
-- Name: strapi_core_store_settings_id_seq; Type: SEQUENCE SET; Schema: public; Owner: postgres
--

SELECT pg_catalog.setval('public.strapi_core_store_settings_id_seq', 24, true);


--
-- TOC entry 3735 (class 0 OID 0)
-- Dependencies: 241
-- Name: strapi_database_schema_id_seq; Type: SEQUENCE SET; Schema: public; Owner: postgres
--

SELECT pg_catalog.setval('public.strapi_database_schema_id_seq', 15, true);


--
-- TOC entry 3736 (class 0 OID 0)
-- Dependencies: 243
-- Name: strapi_migrations_id_seq; Type: SEQUENCE SET; Schema: public; Owner: postgres
--

SELECT pg_catalog.setval('public.strapi_migrations_id_seq', 1, false);


--
-- TOC entry 3737 (class 0 OID 0)
-- Dependencies: 245
-- Name: strapi_webhooks_id_seq; Type: SEQUENCE SET; Schema: public; Owner: postgres
--

SELECT pg_catalog.setval('public.strapi_webhooks_id_seq', 1, false);


--
-- TOC entry 3738 (class 0 OID 0)
-- Dependencies: 247
-- Name: up_permissions_id_seq; Type: SEQUENCE SET; Schema: public; Owner: postgres
--

SELECT pg_catalog.setval('public.up_permissions_id_seq', 9, true);


--
-- TOC entry 3739 (class 0 OID 0)
-- Dependencies: 249
-- Name: up_permissions_role_links_id_seq; Type: SEQUENCE SET; Schema: public; Owner: postgres
--

SELECT pg_catalog.setval('public.up_permissions_role_links_id_seq', 9, true);


--
-- TOC entry 3740 (class 0 OID 0)
-- Dependencies: 251
-- Name: up_roles_id_seq; Type: SEQUENCE SET; Schema: public; Owner: postgres
--

SELECT pg_catalog.setval('public.up_roles_id_seq', 2, true);


--
-- TOC entry 3741 (class 0 OID 0)
-- Dependencies: 253
-- Name: up_users_id_seq; Type: SEQUENCE SET; Schema: public; Owner: postgres
--

SELECT pg_catalog.setval('public.up_users_id_seq', 1, true);


--
-- TOC entry 3742 (class 0 OID 0)
-- Dependencies: 255
-- Name: up_users_role_links_id_seq; Type: SEQUENCE SET; Schema: public; Owner: postgres
--

SELECT pg_catalog.setval('public.up_users_role_links_id_seq', 5, true);


--
-- TOC entry 3743 (class 0 OID 0)
-- Dependencies: 257
-- Name: upload_folders_id_seq; Type: SEQUENCE SET; Schema: public; Owner: postgres
--

SELECT pg_catalog.setval('public.upload_folders_id_seq', 1, false);


--
-- TOC entry 3744 (class 0 OID 0)
-- Dependencies: 259
-- Name: upload_folders_parent_links_id_seq; Type: SEQUENCE SET; Schema: public; Owner: postgres
--

SELECT pg_catalog.setval('public.upload_folders_parent_links_id_seq', 1, false);


--
-- TOC entry 3326 (class 2606 OID 42491)
-- Name: admin_permissions admin_permissions_pkey; Type: CONSTRAINT; Schema: public; Owner: postgres
--

ALTER TABLE ONLY public.admin_permissions
    ADD CONSTRAINT admin_permissions_pkey PRIMARY KEY (id);


--
-- TOC entry 3332 (class 2606 OID 42493)
-- Name: admin_permissions_role_links admin_permissions_role_links_pkey; Type: CONSTRAINT; Schema: public; Owner: postgres
--

ALTER TABLE ONLY public.admin_permissions_role_links
    ADD CONSTRAINT admin_permissions_role_links_pkey PRIMARY KEY (id);


--
-- TOC entry 3334 (class 2606 OID 42495)
-- Name: admin_permissions_role_links admin_permissions_role_links_unique; Type: CONSTRAINT; Schema: public; Owner: postgres
--

ALTER TABLE ONLY public.admin_permissions_role_links
    ADD CONSTRAINT admin_permissions_role_links_unique UNIQUE (permission_id, role_id);


--
-- TOC entry 3337 (class 2606 OID 42497)
-- Name: admin_roles admin_roles_pkey; Type: CONSTRAINT; Schema: public; Owner: postgres
--

ALTER TABLE ONLY public.admin_roles
    ADD CONSTRAINT admin_roles_pkey PRIMARY KEY (id);


--
-- TOC entry 3341 (class 2606 OID 42499)
-- Name: admin_users admin_users_pkey; Type: CONSTRAINT; Schema: public; Owner: postgres
--

ALTER TABLE ONLY public.admin_users
    ADD CONSTRAINT admin_users_pkey PRIMARY KEY (id);


--
-- TOC entry 3348 (class 2606 OID 42501)
-- Name: admin_users_roles_links admin_users_roles_links_pkey; Type: CONSTRAINT; Schema: public; Owner: postgres
--

ALTER TABLE ONLY public.admin_users_roles_links
    ADD CONSTRAINT admin_users_roles_links_pkey PRIMARY KEY (id);


--
-- TOC entry 3350 (class 2606 OID 42503)
-- Name: admin_users_roles_links admin_users_roles_links_unique; Type: CONSTRAINT; Schema: public; Owner: postgres
--

ALTER TABLE ONLY public.admin_users_roles_links
    ADD CONSTRAINT admin_users_roles_links_unique UNIQUE (user_id, role_id);


--
-- TOC entry 3365 (class 2606 OID 42505)
-- Name: files_folder_links files_folder_links_pkey; Type: CONSTRAINT; Schema: public; Owner: postgres
--

ALTER TABLE ONLY public.files_folder_links
    ADD CONSTRAINT files_folder_links_pkey PRIMARY KEY (id);


--
-- TOC entry 3367 (class 2606 OID 42507)
-- Name: files_folder_links files_folder_links_unique; Type: CONSTRAINT; Schema: public; Owner: postgres
--

ALTER TABLE ONLY public.files_folder_links
    ADD CONSTRAINT files_folder_links_unique UNIQUE (file_id, folder_id);


--
-- TOC entry 3353 (class 2606 OID 42509)
-- Name: files files_pkey; Type: CONSTRAINT; Schema: public; Owner: postgres
--

ALTER TABLE ONLY public.files
    ADD CONSTRAINT files_pkey PRIMARY KEY (id);


--
-- TOC entry 3370 (class 2606 OID 42511)
-- Name: files_related_morphs files_related_morphs_pkey; Type: CONSTRAINT; Schema: public; Owner: postgres
--

ALTER TABLE ONLY public.files_related_morphs
    ADD CONSTRAINT files_related_morphs_pkey PRIMARY KEY (id);


--
-- TOC entry 3449 (class 2606 OID 43071)
-- Name: g_accounts g_accounts_pkey; Type: CONSTRAINT; Schema: public; Owner: postgres
--

ALTER TABLE ONLY public.g_accounts
    ADD CONSTRAINT g_accounts_pkey PRIMARY KEY (id);


--
-- TOC entry 3445 (class 2606 OID 43040)
-- Name: g_characters g_characters_pkey; Type: CONSTRAINT; Schema: public; Owner: postgres
--

ALTER TABLE ONLY public.g_characters
    ADD CONSTRAINT g_characters_pkey PRIMARY KEY (id);


--
-- TOC entry 3441 (class 2606 OID 43019)
-- Name: g_travels g_travels_pkey; Type: CONSTRAINT; Schema: public; Owner: postgres
--

ALTER TABLE ONLY public.g_travels
    ADD CONSTRAINT g_travels_pkey PRIMARY KEY (id);


--
-- TOC entry 3373 (class 2606 OID 42513)
-- Name: i18n_locale i18n_locale_pkey; Type: CONSTRAINT; Schema: public; Owner: postgres
--

ALTER TABLE ONLY public.i18n_locale
    ADD CONSTRAINT i18n_locale_pkey PRIMARY KEY (id);


--
-- TOC entry 3377 (class 2606 OID 42515)
-- Name: strapi_api_token_permissions strapi_api_token_permissions_pkey; Type: CONSTRAINT; Schema: public; Owner: postgres
--

ALTER TABLE ONLY public.strapi_api_token_permissions
    ADD CONSTRAINT strapi_api_token_permissions_pkey PRIMARY KEY (id);


--
-- TOC entry 3383 (class 2606 OID 42517)
-- Name: strapi_api_token_permissions_token_links strapi_api_token_permissions_token_links_pkey; Type: CONSTRAINT; Schema: public; Owner: postgres
--

ALTER TABLE ONLY public.strapi_api_token_permissions_token_links
    ADD CONSTRAINT strapi_api_token_permissions_token_links_pkey PRIMARY KEY (id);


--
-- TOC entry 3385 (class 2606 OID 42519)
-- Name: strapi_api_token_permissions_token_links strapi_api_token_permissions_token_links_unique; Type: CONSTRAINT; Schema: public; Owner: postgres
--

ALTER TABLE ONLY public.strapi_api_token_permissions_token_links
    ADD CONSTRAINT strapi_api_token_permissions_token_links_unique UNIQUE (api_token_permission_id, api_token_id);


--
-- TOC entry 3388 (class 2606 OID 42521)
-- Name: strapi_api_tokens strapi_api_tokens_pkey; Type: CONSTRAINT; Schema: public; Owner: postgres
--

ALTER TABLE ONLY public.strapi_api_tokens
    ADD CONSTRAINT strapi_api_tokens_pkey PRIMARY KEY (id);


--
-- TOC entry 3391 (class 2606 OID 42523)
-- Name: strapi_core_store_settings strapi_core_store_settings_pkey; Type: CONSTRAINT; Schema: public; Owner: postgres
--

ALTER TABLE ONLY public.strapi_core_store_settings
    ADD CONSTRAINT strapi_core_store_settings_pkey PRIMARY KEY (id);


--
-- TOC entry 3393 (class 2606 OID 42525)
-- Name: strapi_database_schema strapi_database_schema_pkey; Type: CONSTRAINT; Schema: public; Owner: postgres
--

ALTER TABLE ONLY public.strapi_database_schema
    ADD CONSTRAINT strapi_database_schema_pkey PRIMARY KEY (id);


--
-- TOC entry 3395 (class 2606 OID 42527)
-- Name: strapi_migrations strapi_migrations_pkey; Type: CONSTRAINT; Schema: public; Owner: postgres
--

ALTER TABLE ONLY public.strapi_migrations
    ADD CONSTRAINT strapi_migrations_pkey PRIMARY KEY (id);


--
-- TOC entry 3397 (class 2606 OID 42529)
-- Name: strapi_webhooks strapi_webhooks_pkey; Type: CONSTRAINT; Schema: public; Owner: postgres
--

ALTER TABLE ONLY public.strapi_webhooks
    ADD CONSTRAINT strapi_webhooks_pkey PRIMARY KEY (id);


--
-- TOC entry 3400 (class 2606 OID 42531)
-- Name: up_permissions up_permissions_pkey; Type: CONSTRAINT; Schema: public; Owner: postgres
--

ALTER TABLE ONLY public.up_permissions
    ADD CONSTRAINT up_permissions_pkey PRIMARY KEY (id);


--
-- TOC entry 3406 (class 2606 OID 42533)
-- Name: up_permissions_role_links up_permissions_role_links_pkey; Type: CONSTRAINT; Schema: public; Owner: postgres
--

ALTER TABLE ONLY public.up_permissions_role_links
    ADD CONSTRAINT up_permissions_role_links_pkey PRIMARY KEY (id);


--
-- TOC entry 3408 (class 2606 OID 42535)
-- Name: up_permissions_role_links up_permissions_role_links_unique; Type: CONSTRAINT; Schema: public; Owner: postgres
--

ALTER TABLE ONLY public.up_permissions_role_links
    ADD CONSTRAINT up_permissions_role_links_unique UNIQUE (permission_id, role_id);


--
-- TOC entry 3411 (class 2606 OID 42537)
-- Name: up_roles up_roles_pkey; Type: CONSTRAINT; Schema: public; Owner: postgres
--

ALTER TABLE ONLY public.up_roles
    ADD CONSTRAINT up_roles_pkey PRIMARY KEY (id);


--
-- TOC entry 3415 (class 2606 OID 42539)
-- Name: up_users up_users_pkey; Type: CONSTRAINT; Schema: public; Owner: postgres
--

ALTER TABLE ONLY public.up_users
    ADD CONSTRAINT up_users_pkey PRIMARY KEY (id);


--
-- TOC entry 3421 (class 2606 OID 42541)
-- Name: up_users_role_links up_users_role_links_pkey; Type: CONSTRAINT; Schema: public; Owner: postgres
--

ALTER TABLE ONLY public.up_users_role_links
    ADD CONSTRAINT up_users_role_links_pkey PRIMARY KEY (id);


--
-- TOC entry 3423 (class 2606 OID 42543)
-- Name: up_users_role_links up_users_role_links_unique; Type: CONSTRAINT; Schema: public; Owner: postgres
--

ALTER TABLE ONLY public.up_users_role_links
    ADD CONSTRAINT up_users_role_links_unique UNIQUE (user_id, role_id);


--
-- TOC entry 3436 (class 2606 OID 42545)
-- Name: upload_folders_parent_links upload_folders_parent_links_pkey; Type: CONSTRAINT; Schema: public; Owner: postgres
--

ALTER TABLE ONLY public.upload_folders_parent_links
    ADD CONSTRAINT upload_folders_parent_links_pkey PRIMARY KEY (id);


--
-- TOC entry 3438 (class 2606 OID 42547)
-- Name: upload_folders_parent_links upload_folders_parent_links_unique; Type: CONSTRAINT; Schema: public; Owner: postgres
--

ALTER TABLE ONLY public.upload_folders_parent_links
    ADD CONSTRAINT upload_folders_parent_links_unique UNIQUE (folder_id, inv_folder_id);


--
-- TOC entry 3426 (class 2606 OID 42549)
-- Name: upload_folders upload_folders_path_id_index; Type: CONSTRAINT; Schema: public; Owner: postgres
--

ALTER TABLE ONLY public.upload_folders
    ADD CONSTRAINT upload_folders_path_id_index UNIQUE (path_id);


--
-- TOC entry 3428 (class 2606 OID 42551)
-- Name: upload_folders upload_folders_path_index; Type: CONSTRAINT; Schema: public; Owner: postgres
--

ALTER TABLE ONLY public.upload_folders
    ADD CONSTRAINT upload_folders_path_index UNIQUE (path);


--
-- TOC entry 3430 (class 2606 OID 42553)
-- Name: upload_folders upload_folders_pkey; Type: CONSTRAINT; Schema: public; Owner: postgres
--

ALTER TABLE ONLY public.upload_folders
    ADD CONSTRAINT upload_folders_pkey PRIMARY KEY (id);


--
-- TOC entry 3324 (class 1259 OID 42554)
-- Name: admin_permissions_created_by_id_fk; Type: INDEX; Schema: public; Owner: postgres
--

CREATE INDEX admin_permissions_created_by_id_fk ON public.admin_permissions USING btree (created_by_id);


--
-- TOC entry 3328 (class 1259 OID 42555)
-- Name: admin_permissions_role_links_fk; Type: INDEX; Schema: public; Owner: postgres
--

CREATE INDEX admin_permissions_role_links_fk ON public.admin_permissions_role_links USING btree (permission_id);


--
-- TOC entry 3329 (class 1259 OID 42556)
-- Name: admin_permissions_role_links_inv_fk; Type: INDEX; Schema: public; Owner: postgres
--

CREATE INDEX admin_permissions_role_links_inv_fk ON public.admin_permissions_role_links USING btree (role_id);


--
-- TOC entry 3330 (class 1259 OID 42557)
-- Name: admin_permissions_role_links_order_inv_fk; Type: INDEX; Schema: public; Owner: postgres
--

CREATE INDEX admin_permissions_role_links_order_inv_fk ON public.admin_permissions_role_links USING btree (permission_order);


--
-- TOC entry 3327 (class 1259 OID 42558)
-- Name: admin_permissions_updated_by_id_fk; Type: INDEX; Schema: public; Owner: postgres
--

CREATE INDEX admin_permissions_updated_by_id_fk ON public.admin_permissions USING btree (updated_by_id);


--
-- TOC entry 3335 (class 1259 OID 42559)
-- Name: admin_roles_created_by_id_fk; Type: INDEX; Schema: public; Owner: postgres
--

CREATE INDEX admin_roles_created_by_id_fk ON public.admin_roles USING btree (created_by_id);


--
-- TOC entry 3338 (class 1259 OID 42560)
-- Name: admin_roles_updated_by_id_fk; Type: INDEX; Schema: public; Owner: postgres
--

CREATE INDEX admin_roles_updated_by_id_fk ON public.admin_roles USING btree (updated_by_id);


--
-- TOC entry 3339 (class 1259 OID 42561)
-- Name: admin_users_created_by_id_fk; Type: INDEX; Schema: public; Owner: postgres
--

CREATE INDEX admin_users_created_by_id_fk ON public.admin_users USING btree (created_by_id);


--
-- TOC entry 3343 (class 1259 OID 42562)
-- Name: admin_users_roles_links_fk; Type: INDEX; Schema: public; Owner: postgres
--

CREATE INDEX admin_users_roles_links_fk ON public.admin_users_roles_links USING btree (user_id);


--
-- TOC entry 3344 (class 1259 OID 42563)
-- Name: admin_users_roles_links_inv_fk; Type: INDEX; Schema: public; Owner: postgres
--

CREATE INDEX admin_users_roles_links_inv_fk ON public.admin_users_roles_links USING btree (role_id);


--
-- TOC entry 3345 (class 1259 OID 42564)
-- Name: admin_users_roles_links_order_fk; Type: INDEX; Schema: public; Owner: postgres
--

CREATE INDEX admin_users_roles_links_order_fk ON public.admin_users_roles_links USING btree (role_order);


--
-- TOC entry 3346 (class 1259 OID 42565)
-- Name: admin_users_roles_links_order_inv_fk; Type: INDEX; Schema: public; Owner: postgres
--

CREATE INDEX admin_users_roles_links_order_inv_fk ON public.admin_users_roles_links USING btree (user_order);


--
-- TOC entry 3342 (class 1259 OID 42566)
-- Name: admin_users_updated_by_id_fk; Type: INDEX; Schema: public; Owner: postgres
--

CREATE INDEX admin_users_updated_by_id_fk ON public.admin_users USING btree (updated_by_id);


--
-- TOC entry 3351 (class 1259 OID 42567)
-- Name: files_created_by_id_fk; Type: INDEX; Schema: public; Owner: postgres
--

CREATE INDEX files_created_by_id_fk ON public.files USING btree (created_by_id);


--
-- TOC entry 3361 (class 1259 OID 42568)
-- Name: files_folder_links_fk; Type: INDEX; Schema: public; Owner: postgres
--

CREATE INDEX files_folder_links_fk ON public.files_folder_links USING btree (file_id);


--
-- TOC entry 3362 (class 1259 OID 42569)
-- Name: files_folder_links_inv_fk; Type: INDEX; Schema: public; Owner: postgres
--

CREATE INDEX files_folder_links_inv_fk ON public.files_folder_links USING btree (folder_id);


--
-- TOC entry 3363 (class 1259 OID 42570)
-- Name: files_folder_links_order_inv_fk; Type: INDEX; Schema: public; Owner: postgres
--

CREATE INDEX files_folder_links_order_inv_fk ON public.files_folder_links USING btree (file_order);


--
-- TOC entry 3368 (class 1259 OID 42571)
-- Name: files_related_morphs_fk; Type: INDEX; Schema: public; Owner: postgres
--

CREATE INDEX files_related_morphs_fk ON public.files_related_morphs USING btree (file_id);


--
-- TOC entry 3354 (class 1259 OID 42572)
-- Name: files_updated_by_id_fk; Type: INDEX; Schema: public; Owner: postgres
--

CREATE INDEX files_updated_by_id_fk ON public.files USING btree (updated_by_id);


--
-- TOC entry 3447 (class 1259 OID 43072)
-- Name: g_accounts_created_by_id_fk; Type: INDEX; Schema: public; Owner: postgres
--

CREATE INDEX g_accounts_created_by_id_fk ON public.g_accounts USING btree (created_by_id);


--
-- TOC entry 3450 (class 1259 OID 43073)
-- Name: g_accounts_updated_by_id_fk; Type: INDEX; Schema: public; Owner: postgres
--

CREATE INDEX g_accounts_updated_by_id_fk ON public.g_accounts USING btree (updated_by_id);


--
-- TOC entry 3443 (class 1259 OID 43041)
-- Name: g_characters_created_by_id_fk; Type: INDEX; Schema: public; Owner: postgres
--

CREATE INDEX g_characters_created_by_id_fk ON public.g_characters USING btree (created_by_id);


--
-- TOC entry 3446 (class 1259 OID 43042)
-- Name: g_characters_updated_by_id_fk; Type: INDEX; Schema: public; Owner: postgres
--

CREATE INDEX g_characters_updated_by_id_fk ON public.g_characters USING btree (updated_by_id);


--
-- TOC entry 3439 (class 1259 OID 43020)
-- Name: g_travels_created_by_id_fk; Type: INDEX; Schema: public; Owner: postgres
--

CREATE INDEX g_travels_created_by_id_fk ON public.g_travels USING btree (created_by_id);


--
-- TOC entry 3442 (class 1259 OID 43021)
-- Name: g_travels_updated_by_id_fk; Type: INDEX; Schema: public; Owner: postgres
--

CREATE INDEX g_travels_updated_by_id_fk ON public.g_travels USING btree (updated_by_id);


--
-- TOC entry 3371 (class 1259 OID 42573)
-- Name: i18n_locale_created_by_id_fk; Type: INDEX; Schema: public; Owner: postgres
--

CREATE INDEX i18n_locale_created_by_id_fk ON public.i18n_locale USING btree (created_by_id);


--
-- TOC entry 3374 (class 1259 OID 42574)
-- Name: i18n_locale_updated_by_id_fk; Type: INDEX; Schema: public; Owner: postgres
--

CREATE INDEX i18n_locale_updated_by_id_fk ON public.i18n_locale USING btree (updated_by_id);


--
-- TOC entry 3375 (class 1259 OID 42575)
-- Name: strapi_api_token_permissions_created_by_id_fk; Type: INDEX; Schema: public; Owner: postgres
--

CREATE INDEX strapi_api_token_permissions_created_by_id_fk ON public.strapi_api_token_permissions USING btree (created_by_id);


--
-- TOC entry 3379 (class 1259 OID 42576)
-- Name: strapi_api_token_permissions_token_links_fk; Type: INDEX; Schema: public; Owner: postgres
--

CREATE INDEX strapi_api_token_permissions_token_links_fk ON public.strapi_api_token_permissions_token_links USING btree (api_token_permission_id);


--
-- TOC entry 3380 (class 1259 OID 42577)
-- Name: strapi_api_token_permissions_token_links_inv_fk; Type: INDEX; Schema: public; Owner: postgres
--

CREATE INDEX strapi_api_token_permissions_token_links_inv_fk ON public.strapi_api_token_permissions_token_links USING btree (api_token_id);


--
-- TOC entry 3381 (class 1259 OID 42578)
-- Name: strapi_api_token_permissions_token_links_order_inv_fk; Type: INDEX; Schema: public; Owner: postgres
--

CREATE INDEX strapi_api_token_permissions_token_links_order_inv_fk ON public.strapi_api_token_permissions_token_links USING btree (api_token_permission_order);


--
-- TOC entry 3378 (class 1259 OID 42579)
-- Name: strapi_api_token_permissions_updated_by_id_fk; Type: INDEX; Schema: public; Owner: postgres
--

CREATE INDEX strapi_api_token_permissions_updated_by_id_fk ON public.strapi_api_token_permissions USING btree (updated_by_id);


--
-- TOC entry 3386 (class 1259 OID 42580)
-- Name: strapi_api_tokens_created_by_id_fk; Type: INDEX; Schema: public; Owner: postgres
--

CREATE INDEX strapi_api_tokens_created_by_id_fk ON public.strapi_api_tokens USING btree (created_by_id);


--
-- TOC entry 3389 (class 1259 OID 42581)
-- Name: strapi_api_tokens_updated_by_id_fk; Type: INDEX; Schema: public; Owner: postgres
--

CREATE INDEX strapi_api_tokens_updated_by_id_fk ON public.strapi_api_tokens USING btree (updated_by_id);


--
-- TOC entry 3398 (class 1259 OID 42582)
-- Name: up_permissions_created_by_id_fk; Type: INDEX; Schema: public; Owner: postgres
--

CREATE INDEX up_permissions_created_by_id_fk ON public.up_permissions USING btree (created_by_id);


--
-- TOC entry 3402 (class 1259 OID 42583)
-- Name: up_permissions_role_links_fk; Type: INDEX; Schema: public; Owner: postgres
--

CREATE INDEX up_permissions_role_links_fk ON public.up_permissions_role_links USING btree (permission_id);


--
-- TOC entry 3403 (class 1259 OID 42584)
-- Name: up_permissions_role_links_inv_fk; Type: INDEX; Schema: public; Owner: postgres
--

CREATE INDEX up_permissions_role_links_inv_fk ON public.up_permissions_role_links USING btree (role_id);


--
-- TOC entry 3404 (class 1259 OID 42585)
-- Name: up_permissions_role_links_order_inv_fk; Type: INDEX; Schema: public; Owner: postgres
--

CREATE INDEX up_permissions_role_links_order_inv_fk ON public.up_permissions_role_links USING btree (permission_order);


--
-- TOC entry 3401 (class 1259 OID 42586)
-- Name: up_permissions_updated_by_id_fk; Type: INDEX; Schema: public; Owner: postgres
--

CREATE INDEX up_permissions_updated_by_id_fk ON public.up_permissions USING btree (updated_by_id);


--
-- TOC entry 3409 (class 1259 OID 42587)
-- Name: up_roles_created_by_id_fk; Type: INDEX; Schema: public; Owner: postgres
--

CREATE INDEX up_roles_created_by_id_fk ON public.up_roles USING btree (created_by_id);


--
-- TOC entry 3412 (class 1259 OID 42588)
-- Name: up_roles_updated_by_id_fk; Type: INDEX; Schema: public; Owner: postgres
--

CREATE INDEX up_roles_updated_by_id_fk ON public.up_roles USING btree (updated_by_id);


--
-- TOC entry 3413 (class 1259 OID 42589)
-- Name: up_users_created_by_id_fk; Type: INDEX; Schema: public; Owner: postgres
--

CREATE INDEX up_users_created_by_id_fk ON public.up_users USING btree (created_by_id);


--
-- TOC entry 3417 (class 1259 OID 42590)
-- Name: up_users_role_links_fk; Type: INDEX; Schema: public; Owner: postgres
--

CREATE INDEX up_users_role_links_fk ON public.up_users_role_links USING btree (user_id);


--
-- TOC entry 3418 (class 1259 OID 42591)
-- Name: up_users_role_links_inv_fk; Type: INDEX; Schema: public; Owner: postgres
--

CREATE INDEX up_users_role_links_inv_fk ON public.up_users_role_links USING btree (role_id);


--
-- TOC entry 3419 (class 1259 OID 42592)
-- Name: up_users_role_links_order_inv_fk; Type: INDEX; Schema: public; Owner: postgres
--

CREATE INDEX up_users_role_links_order_inv_fk ON public.up_users_role_links USING btree (user_order);


--
-- TOC entry 3416 (class 1259 OID 42593)
-- Name: up_users_updated_by_id_fk; Type: INDEX; Schema: public; Owner: postgres
--

CREATE INDEX up_users_updated_by_id_fk ON public.up_users USING btree (updated_by_id);


--
-- TOC entry 3355 (class 1259 OID 42594)
-- Name: upload_files_created_at_index; Type: INDEX; Schema: public; Owner: postgres
--

CREATE INDEX upload_files_created_at_index ON public.files USING btree (created_at);


--
-- TOC entry 3356 (class 1259 OID 42595)
-- Name: upload_files_ext_index; Type: INDEX; Schema: public; Owner: postgres
--

CREATE INDEX upload_files_ext_index ON public.files USING btree (ext);


--
-- TOC entry 3357 (class 1259 OID 42596)
-- Name: upload_files_folder_path_index; Type: INDEX; Schema: public; Owner: postgres
--

CREATE INDEX upload_files_folder_path_index ON public.files USING btree (folder_path);


--
-- TOC entry 3358 (class 1259 OID 42597)
-- Name: upload_files_name_index; Type: INDEX; Schema: public; Owner: postgres
--

CREATE INDEX upload_files_name_index ON public.files USING btree (name);


--
-- TOC entry 3359 (class 1259 OID 42598)
-- Name: upload_files_size_index; Type: INDEX; Schema: public; Owner: postgres
--

CREATE INDEX upload_files_size_index ON public.files USING btree (size);


--
-- TOC entry 3360 (class 1259 OID 42599)
-- Name: upload_files_updated_at_index; Type: INDEX; Schema: public; Owner: postgres
--

CREATE INDEX upload_files_updated_at_index ON public.files USING btree (updated_at);


--
-- TOC entry 3424 (class 1259 OID 42600)
-- Name: upload_folders_created_by_id_fk; Type: INDEX; Schema: public; Owner: postgres
--

CREATE INDEX upload_folders_created_by_id_fk ON public.upload_folders USING btree (created_by_id);


--
-- TOC entry 3432 (class 1259 OID 42601)
-- Name: upload_folders_parent_links_fk; Type: INDEX; Schema: public; Owner: postgres
--

CREATE INDEX upload_folders_parent_links_fk ON public.upload_folders_parent_links USING btree (folder_id);


--
-- TOC entry 3433 (class 1259 OID 42602)
-- Name: upload_folders_parent_links_inv_fk; Type: INDEX; Schema: public; Owner: postgres
--

CREATE INDEX upload_folders_parent_links_inv_fk ON public.upload_folders_parent_links USING btree (inv_folder_id);


--
-- TOC entry 3434 (class 1259 OID 42603)
-- Name: upload_folders_parent_links_order_inv_fk; Type: INDEX; Schema: public; Owner: postgres
--

CREATE INDEX upload_folders_parent_links_order_inv_fk ON public.upload_folders_parent_links USING btree (folder_order);


--
-- TOC entry 3431 (class 1259 OID 42604)
-- Name: upload_folders_updated_by_id_fk; Type: INDEX; Schema: public; Owner: postgres
--

CREATE INDEX upload_folders_updated_by_id_fk ON public.upload_folders USING btree (updated_by_id);


--
-- TOC entry 3451 (class 2606 OID 42821)
-- Name: admin_permissions admin_permissions_created_by_id_fk; Type: FK CONSTRAINT; Schema: public; Owner: postgres
--

ALTER TABLE ONLY public.admin_permissions
    ADD CONSTRAINT admin_permissions_created_by_id_fk FOREIGN KEY (created_by_id) REFERENCES public.admin_users(id) ON DELETE SET NULL;


--
-- TOC entry 3453 (class 2606 OID 42931)
-- Name: admin_permissions_role_links admin_permissions_role_links_fk; Type: FK CONSTRAINT; Schema: public; Owner: postgres
--

ALTER TABLE ONLY public.admin_permissions_role_links
    ADD CONSTRAINT admin_permissions_role_links_fk FOREIGN KEY (permission_id) REFERENCES public.admin_permissions(id) ON DELETE CASCADE;


--
-- TOC entry 3454 (class 2606 OID 42936)
-- Name: admin_permissions_role_links admin_permissions_role_links_inv_fk; Type: FK CONSTRAINT; Schema: public; Owner: postgres
--

ALTER TABLE ONLY public.admin_permissions_role_links
    ADD CONSTRAINT admin_permissions_role_links_inv_fk FOREIGN KEY (role_id) REFERENCES public.admin_roles(id) ON DELETE CASCADE;


--
-- TOC entry 3452 (class 2606 OID 42826)
-- Name: admin_permissions admin_permissions_updated_by_id_fk; Type: FK CONSTRAINT; Schema: public; Owner: postgres
--

ALTER TABLE ONLY public.admin_permissions
    ADD CONSTRAINT admin_permissions_updated_by_id_fk FOREIGN KEY (updated_by_id) REFERENCES public.admin_users(id) ON DELETE SET NULL;


--
-- TOC entry 3455 (class 2606 OID 42841)
-- Name: admin_roles admin_roles_created_by_id_fk; Type: FK CONSTRAINT; Schema: public; Owner: postgres
--

ALTER TABLE ONLY public.admin_roles
    ADD CONSTRAINT admin_roles_created_by_id_fk FOREIGN KEY (created_by_id) REFERENCES public.admin_users(id) ON DELETE SET NULL;


--
-- TOC entry 3456 (class 2606 OID 42846)
-- Name: admin_roles admin_roles_updated_by_id_fk; Type: FK CONSTRAINT; Schema: public; Owner: postgres
--

ALTER TABLE ONLY public.admin_roles
    ADD CONSTRAINT admin_roles_updated_by_id_fk FOREIGN KEY (updated_by_id) REFERENCES public.admin_users(id) ON DELETE SET NULL;


--
-- TOC entry 3457 (class 2606 OID 42831)
-- Name: admin_users admin_users_created_by_id_fk; Type: FK CONSTRAINT; Schema: public; Owner: postgres
--

ALTER TABLE ONLY public.admin_users
    ADD CONSTRAINT admin_users_created_by_id_fk FOREIGN KEY (created_by_id) REFERENCES public.admin_users(id) ON DELETE SET NULL;


--
-- TOC entry 3459 (class 2606 OID 42941)
-- Name: admin_users_roles_links admin_users_roles_links_fk; Type: FK CONSTRAINT; Schema: public; Owner: postgres
--

ALTER TABLE ONLY public.admin_users_roles_links
    ADD CONSTRAINT admin_users_roles_links_fk FOREIGN KEY (user_id) REFERENCES public.admin_users(id) ON DELETE CASCADE;


--
-- TOC entry 3460 (class 2606 OID 42946)
-- Name: admin_users_roles_links admin_users_roles_links_inv_fk; Type: FK CONSTRAINT; Schema: public; Owner: postgres
--

ALTER TABLE ONLY public.admin_users_roles_links
    ADD CONSTRAINT admin_users_roles_links_inv_fk FOREIGN KEY (role_id) REFERENCES public.admin_roles(id) ON DELETE CASCADE;


--
-- TOC entry 3458 (class 2606 OID 42836)
-- Name: admin_users admin_users_updated_by_id_fk; Type: FK CONSTRAINT; Schema: public; Owner: postgres
--

ALTER TABLE ONLY public.admin_users
    ADD CONSTRAINT admin_users_updated_by_id_fk FOREIGN KEY (updated_by_id) REFERENCES public.admin_users(id) ON DELETE SET NULL;


--
-- TOC entry 3461 (class 2606 OID 42871)
-- Name: files files_created_by_id_fk; Type: FK CONSTRAINT; Schema: public; Owner: postgres
--

ALTER TABLE ONLY public.files
    ADD CONSTRAINT files_created_by_id_fk FOREIGN KEY (created_by_id) REFERENCES public.admin_users(id) ON DELETE SET NULL;


--
-- TOC entry 3463 (class 2606 OID 42966)
-- Name: files_folder_links files_folder_links_fk; Type: FK CONSTRAINT; Schema: public; Owner: postgres
--

ALTER TABLE ONLY public.files_folder_links
    ADD CONSTRAINT files_folder_links_fk FOREIGN KEY (file_id) REFERENCES public.files(id) ON DELETE CASCADE;


--
-- TOC entry 3464 (class 2606 OID 42971)
-- Name: files_folder_links files_folder_links_inv_fk; Type: FK CONSTRAINT; Schema: public; Owner: postgres
--

ALTER TABLE ONLY public.files_folder_links
    ADD CONSTRAINT files_folder_links_inv_fk FOREIGN KEY (folder_id) REFERENCES public.upload_folders(id) ON DELETE CASCADE;


--
-- TOC entry 3465 (class 2606 OID 42961)
-- Name: files_related_morphs files_related_morphs_fk; Type: FK CONSTRAINT; Schema: public; Owner: postgres
--

ALTER TABLE ONLY public.files_related_morphs
    ADD CONSTRAINT files_related_morphs_fk FOREIGN KEY (file_id) REFERENCES public.files(id) ON DELETE CASCADE;


--
-- TOC entry 3462 (class 2606 OID 42876)
-- Name: files files_updated_by_id_fk; Type: FK CONSTRAINT; Schema: public; Owner: postgres
--

ALTER TABLE ONLY public.files
    ADD CONSTRAINT files_updated_by_id_fk FOREIGN KEY (updated_by_id) REFERENCES public.admin_users(id) ON DELETE SET NULL;


--
-- TOC entry 3492 (class 2606 OID 43074)
-- Name: g_accounts g_accounts_created_by_id_fk; Type: FK CONSTRAINT; Schema: public; Owner: postgres
--

ALTER TABLE ONLY public.g_accounts
    ADD CONSTRAINT g_accounts_created_by_id_fk FOREIGN KEY (created_by_id) REFERENCES public.admin_users(id) ON DELETE SET NULL;


--
-- TOC entry 3493 (class 2606 OID 43079)
-- Name: g_accounts g_accounts_updated_by_id_fk; Type: FK CONSTRAINT; Schema: public; Owner: postgres
--

ALTER TABLE ONLY public.g_accounts
    ADD CONSTRAINT g_accounts_updated_by_id_fk FOREIGN KEY (updated_by_id) REFERENCES public.admin_users(id) ON DELETE SET NULL;


--
-- TOC entry 3490 (class 2606 OID 43043)
-- Name: g_characters g_characters_created_by_id_fk; Type: FK CONSTRAINT; Schema: public; Owner: postgres
--

ALTER TABLE ONLY public.g_characters
    ADD CONSTRAINT g_characters_created_by_id_fk FOREIGN KEY (created_by_id) REFERENCES public.admin_users(id) ON DELETE SET NULL;


--
-- TOC entry 3491 (class 2606 OID 43048)
-- Name: g_characters g_characters_updated_by_id_fk; Type: FK CONSTRAINT; Schema: public; Owner: postgres
--

ALTER TABLE ONLY public.g_characters
    ADD CONSTRAINT g_characters_updated_by_id_fk FOREIGN KEY (updated_by_id) REFERENCES public.admin_users(id) ON DELETE SET NULL;


--
-- TOC entry 3488 (class 2606 OID 43022)
-- Name: g_travels g_travels_created_by_id_fk; Type: FK CONSTRAINT; Schema: public; Owner: postgres
--

ALTER TABLE ONLY public.g_travels
    ADD CONSTRAINT g_travels_created_by_id_fk FOREIGN KEY (created_by_id) REFERENCES public.admin_users(id) ON DELETE SET NULL;


--
-- TOC entry 3489 (class 2606 OID 43027)
-- Name: g_travels g_travels_updated_by_id_fk; Type: FK CONSTRAINT; Schema: public; Owner: postgres
--

ALTER TABLE ONLY public.g_travels
    ADD CONSTRAINT g_travels_updated_by_id_fk FOREIGN KEY (updated_by_id) REFERENCES public.admin_users(id) ON DELETE SET NULL;


--
-- TOC entry 3466 (class 2606 OID 42921)
-- Name: i18n_locale i18n_locale_created_by_id_fk; Type: FK CONSTRAINT; Schema: public; Owner: postgres
--

ALTER TABLE ONLY public.i18n_locale
    ADD CONSTRAINT i18n_locale_created_by_id_fk FOREIGN KEY (created_by_id) REFERENCES public.admin_users(id) ON DELETE SET NULL;


--
-- TOC entry 3467 (class 2606 OID 42926)
-- Name: i18n_locale i18n_locale_updated_by_id_fk; Type: FK CONSTRAINT; Schema: public; Owner: postgres
--

ALTER TABLE ONLY public.i18n_locale
    ADD CONSTRAINT i18n_locale_updated_by_id_fk FOREIGN KEY (updated_by_id) REFERENCES public.admin_users(id) ON DELETE SET NULL;


--
-- TOC entry 3468 (class 2606 OID 42861)
-- Name: strapi_api_token_permissions strapi_api_token_permissions_created_by_id_fk; Type: FK CONSTRAINT; Schema: public; Owner: postgres
--

ALTER TABLE ONLY public.strapi_api_token_permissions
    ADD CONSTRAINT strapi_api_token_permissions_created_by_id_fk FOREIGN KEY (created_by_id) REFERENCES public.admin_users(id) ON DELETE SET NULL;


--
-- TOC entry 3470 (class 2606 OID 42951)
-- Name: strapi_api_token_permissions_token_links strapi_api_token_permissions_token_links_fk; Type: FK CONSTRAINT; Schema: public; Owner: postgres
--

ALTER TABLE ONLY public.strapi_api_token_permissions_token_links
    ADD CONSTRAINT strapi_api_token_permissions_token_links_fk FOREIGN KEY (api_token_permission_id) REFERENCES public.strapi_api_token_permissions(id) ON DELETE CASCADE;


--
-- TOC entry 3471 (class 2606 OID 42956)
-- Name: strapi_api_token_permissions_token_links strapi_api_token_permissions_token_links_inv_fk; Type: FK CONSTRAINT; Schema: public; Owner: postgres
--

ALTER TABLE ONLY public.strapi_api_token_permissions_token_links
    ADD CONSTRAINT strapi_api_token_permissions_token_links_inv_fk FOREIGN KEY (api_token_id) REFERENCES public.strapi_api_tokens(id) ON DELETE CASCADE;


--
-- TOC entry 3469 (class 2606 OID 42866)
-- Name: strapi_api_token_permissions strapi_api_token_permissions_updated_by_id_fk; Type: FK CONSTRAINT; Schema: public; Owner: postgres
--

ALTER TABLE ONLY public.strapi_api_token_permissions
    ADD CONSTRAINT strapi_api_token_permissions_updated_by_id_fk FOREIGN KEY (updated_by_id) REFERENCES public.admin_users(id) ON DELETE SET NULL;


--
-- TOC entry 3472 (class 2606 OID 42851)
-- Name: strapi_api_tokens strapi_api_tokens_created_by_id_fk; Type: FK CONSTRAINT; Schema: public; Owner: postgres
--

ALTER TABLE ONLY public.strapi_api_tokens
    ADD CONSTRAINT strapi_api_tokens_created_by_id_fk FOREIGN KEY (created_by_id) REFERENCES public.admin_users(id) ON DELETE SET NULL;


--
-- TOC entry 3473 (class 2606 OID 42856)
-- Name: strapi_api_tokens strapi_api_tokens_updated_by_id_fk; Type: FK CONSTRAINT; Schema: public; Owner: postgres
--

ALTER TABLE ONLY public.strapi_api_tokens
    ADD CONSTRAINT strapi_api_tokens_updated_by_id_fk FOREIGN KEY (updated_by_id) REFERENCES public.admin_users(id) ON DELETE SET NULL;


--
-- TOC entry 3474 (class 2606 OID 42891)
-- Name: up_permissions up_permissions_created_by_id_fk; Type: FK CONSTRAINT; Schema: public; Owner: postgres
--

ALTER TABLE ONLY public.up_permissions
    ADD CONSTRAINT up_permissions_created_by_id_fk FOREIGN KEY (created_by_id) REFERENCES public.admin_users(id) ON DELETE SET NULL;


--
-- TOC entry 3476 (class 2606 OID 42986)
-- Name: up_permissions_role_links up_permissions_role_links_fk; Type: FK CONSTRAINT; Schema: public; Owner: postgres
--

ALTER TABLE ONLY public.up_permissions_role_links
    ADD CONSTRAINT up_permissions_role_links_fk FOREIGN KEY (permission_id) REFERENCES public.up_permissions(id) ON DELETE CASCADE;


--
-- TOC entry 3477 (class 2606 OID 42991)
-- Name: up_permissions_role_links up_permissions_role_links_inv_fk; Type: FK CONSTRAINT; Schema: public; Owner: postgres
--

ALTER TABLE ONLY public.up_permissions_role_links
    ADD CONSTRAINT up_permissions_role_links_inv_fk FOREIGN KEY (role_id) REFERENCES public.up_roles(id) ON DELETE CASCADE;


--
-- TOC entry 3475 (class 2606 OID 42896)
-- Name: up_permissions up_permissions_updated_by_id_fk; Type: FK CONSTRAINT; Schema: public; Owner: postgres
--

ALTER TABLE ONLY public.up_permissions
    ADD CONSTRAINT up_permissions_updated_by_id_fk FOREIGN KEY (updated_by_id) REFERENCES public.admin_users(id) ON DELETE SET NULL;


--
-- TOC entry 3478 (class 2606 OID 42901)
-- Name: up_roles up_roles_created_by_id_fk; Type: FK CONSTRAINT; Schema: public; Owner: postgres
--

ALTER TABLE ONLY public.up_roles
    ADD CONSTRAINT up_roles_created_by_id_fk FOREIGN KEY (created_by_id) REFERENCES public.admin_users(id) ON DELETE SET NULL;


--
-- TOC entry 3479 (class 2606 OID 42906)
-- Name: up_roles up_roles_updated_by_id_fk; Type: FK CONSTRAINT; Schema: public; Owner: postgres
--

ALTER TABLE ONLY public.up_roles
    ADD CONSTRAINT up_roles_updated_by_id_fk FOREIGN KEY (updated_by_id) REFERENCES public.admin_users(id) ON DELETE SET NULL;


--
-- TOC entry 3480 (class 2606 OID 42911)
-- Name: up_users up_users_created_by_id_fk; Type: FK CONSTRAINT; Schema: public; Owner: postgres
--

ALTER TABLE ONLY public.up_users
    ADD CONSTRAINT up_users_created_by_id_fk FOREIGN KEY (created_by_id) REFERENCES public.admin_users(id) ON DELETE SET NULL;


--
-- TOC entry 3482 (class 2606 OID 42996)
-- Name: up_users_role_links up_users_role_links_fk; Type: FK CONSTRAINT; Schema: public; Owner: postgres
--

ALTER TABLE ONLY public.up_users_role_links
    ADD CONSTRAINT up_users_role_links_fk FOREIGN KEY (user_id) REFERENCES public.up_users(id) ON DELETE CASCADE;


--
-- TOC entry 3483 (class 2606 OID 43001)
-- Name: up_users_role_links up_users_role_links_inv_fk; Type: FK CONSTRAINT; Schema: public; Owner: postgres
--

ALTER TABLE ONLY public.up_users_role_links
    ADD CONSTRAINT up_users_role_links_inv_fk FOREIGN KEY (role_id) REFERENCES public.up_roles(id) ON DELETE CASCADE;


--
-- TOC entry 3481 (class 2606 OID 42916)
-- Name: up_users up_users_updated_by_id_fk; Type: FK CONSTRAINT; Schema: public; Owner: postgres
--

ALTER TABLE ONLY public.up_users
    ADD CONSTRAINT up_users_updated_by_id_fk FOREIGN KEY (updated_by_id) REFERENCES public.admin_users(id) ON DELETE SET NULL;


--
-- TOC entry 3484 (class 2606 OID 42881)
-- Name: upload_folders upload_folders_created_by_id_fk; Type: FK CONSTRAINT; Schema: public; Owner: postgres
--

ALTER TABLE ONLY public.upload_folders
    ADD CONSTRAINT upload_folders_created_by_id_fk FOREIGN KEY (created_by_id) REFERENCES public.admin_users(id) ON DELETE SET NULL;


--
-- TOC entry 3486 (class 2606 OID 42976)
-- Name: upload_folders_parent_links upload_folders_parent_links_fk; Type: FK CONSTRAINT; Schema: public; Owner: postgres
--

ALTER TABLE ONLY public.upload_folders_parent_links
    ADD CONSTRAINT upload_folders_parent_links_fk FOREIGN KEY (folder_id) REFERENCES public.upload_folders(id) ON DELETE CASCADE;


--
-- TOC entry 3487 (class 2606 OID 42981)
-- Name: upload_folders_parent_links upload_folders_parent_links_inv_fk; Type: FK CONSTRAINT; Schema: public; Owner: postgres
--

ALTER TABLE ONLY public.upload_folders_parent_links
    ADD CONSTRAINT upload_folders_parent_links_inv_fk FOREIGN KEY (inv_folder_id) REFERENCES public.upload_folders(id) ON DELETE CASCADE;


--
-- TOC entry 3485 (class 2606 OID 42886)
-- Name: upload_folders upload_folders_updated_by_id_fk; Type: FK CONSTRAINT; Schema: public; Owner: postgres
--

ALTER TABLE ONLY public.upload_folders
    ADD CONSTRAINT upload_folders_updated_by_id_fk FOREIGN KEY (updated_by_id) REFERENCES public.admin_users(id) ON DELETE SET NULL;


-- Completed on 2023-01-26 19:29:40

--
-- PostgreSQL database dump complete
--

